DATE,INFLOW_USD,OUTFLOW_USD,TOTAL_USD_VOLUME
00:00.0,49443.4199,11435.60187,60879.02178
00:00.0,102400.5,8339.660173,110740.1602
00:00.0,70959.54441,635.3478391,71594.89225
00:00.0,62706.96093,141560.156,204267.1169
00:00.0,178891.6006,3330.304425,182221.905
00:00.0,232876.9126,2145.408368,235022.3209
00:00.0,487461.5956,3636.093919,491097.6895
00:00.0,518598.102,122380.6097,640978.7116
00:00.0,643916.4354,15448.26427,659364.6997
00:00.0,664779.4958,29335.75133,694115.2471
00:00.0,119117.3931,114768.9987,233886.3918
00:00.0,509701.0996,4017.609473,513718.7091
00:00.0,220829.1545,7217.780994,228046.9355
00:00.0,521863.0588,4791.394315,526654.4531
00:00.0,444869.2302,7303.642257,452172.8725
00:00.0,556630.1601,5100.808301,561730.9684
00:00.0,541282.7432,7269.164134,548551.9073
00:00.0,713288.9031,21782.3973,735071.3005
00:00.0,597827.441,7207.721964,605035.1629
00:00.0,550601.2177,9130.118947,559731.3367
00:00.0,557792.5938,11637.06359,569429.6574
00:00.0,296024.9501,68444.42274,364469.3729
00:00.0,574951.6796,30969.79778,605921.4774
00:00.0,772536.2748,9817.238944,782353.5137
00:00.0,623527.6407,25618.39312,649146.0338
00:00.0,466955.7048,30132.94851,497088.6533
00:00.0,598799.3027,17056.79107,615856.0938
00:00.0,327335.8823,13474.43111,340810.3134
00:00.0,425780.1824,19932.47305,445712.6555
00:00.0,733039.0721,23713.43859,756752.5107
00:00.0,623648.4716,21985.91384,645634.3855
00:00.0,601923.8801,23498.65818,625422.5383
00:00.0,437596.7276,16983.22169,454579.9493
00:00.0,1154272.482,36603.86407,1190876.346
00:00.0,522420.2373,22947.0095,545367.2468
00:00.0,800283.6537,35042.79596,835326.4496
00:00.0,532635.7012,43782.45866,576418.1599
00:00.0,595315.2724,20714.00404,616029.2764
00:00.0,594240.0256,54697.42823,648937.4538
00:00.0,933742.0963,38817.14614,972559.2425
00:00.0,741295.4131,51599.83601,792895.2491
00:00.0,1043358.82,14967.03287,1058325.853
00:00.0,1216132.275,15455.01226,1231587.287
00:00.0,1234354.64,12755.59027,1247110.23
00:00.0,1028356.205,37474.05089,1065830.256
00:00.0,1048880.33,28835.3362,1077715.666
00:00.0,923458.6507,37050.50242,960509.1531
00:00.0,1483511.358,8569.299618,1492080.658
00:00.0,963886.6891,96927.37237,1060814.062
00:00.0,936238.5291,28949.49791,965188.027
00:00.0,1561155.629,15364.63405,1576520.263
00:00.0,2605540.879,134115.2901,2739656.169
00:00.0,1926500.06,41563.89727,1968063.958
00:00.0,2353948.547,5241.181557,2359189.729
00:00.0,1325896.375,16667.39571,1342563.77
00:00.0,1722100.062,37490.50762,1759590.569
00:00.0,686416.6003,17434.94004,703851.5403
00:00.0,745641.2855,10239.69635,755880.9818
00:00.0,935416.1999,16392.18881,951808.3887
00:00.0,969524.073,152964.0029,1122488.076
00:00.0,1360532.826,16540.09814,1377072.924
00:00.0,955114.617,105205.2933,1060319.91
00:00.0,787077.0421,21921.9818,808999.0239
00:00.0,1198019.596,407.6736404,1198427.27
00:00.0,1004585.876,45295.54201,1049881.418
00:00.0,981249.656,19884.65592,1001134.312
00:00.0,1321977.067,2796.195026,1324773.262
00:00.0,1516634.512,28976.26225,1545610.774
00:00.0,969116.8662,24387.25629,993504.1225
00:00.0,1356038.37,39757.79699,1395796.167
00:00.0,971007.6807,20046.55685,991054.2376
00:00.0,834381.9671,33332.58472,867714.5518
00:00.0,1386271.252,4837.678647,1391108.93
00:00.0,1574797.248,49586.58657,1624383.835
00:00.0,1101735.685,69809.93865,1171545.623
00:00.0,719559.2647,58674.01202,778233.2768
00:00.0,1311738.828,8416.245108,1320155.073
00:00.0,1161869.012,9220069.005,10381938.02
00:00.0,3556112.232,5526714.946,9082827.179
00:00.0,935232.2648,2743545.339,3678777.604
00:00.0,1360498.673,3233534.494,4594033.167
00:00.0,1070532.273,4788494.613,5859026.886
00:00.0,10518656.64,13873265.48,24391922.12
00:00.0,3862105.064,3319573.872,7181678.937
00:00.0,2128775.994,1721663.248,3850439.242
00:00.0,907115.8586,1650203.341,2557319.2
00:00.0,685422.2707,86342.30726,771764.578
00:00.0,962264.3653,1833689.897,2795954.263
00:00.0,745466.43,432671.4863,1178137.916
00:00.0,720705.8322,122220.8314,842926.6636
00:00.0,1457062.725,53605.92888,1510668.653
00:00.0,2253422.472,586165.5113,2839587.983
00:00.0,1443051.946,213290.8526,1656342.798
00:00.0,914219.5056,799363.9045,1713583.41
00:00.0,1241443.5,60791.50872,1302235.009
00:00.0,2011992.968,90029.62193,2102022.59
00:00.0,1445330.376,300587.5295,1745917.905
00:00.0,1348465.303,222628.0953,1571093.398
00:00.0,792021.1929,191840.2562,983861.4491
00:00.0,683415.9858,114226.3088,797642.2946
00:00.0,4259155.292,3962203.584,8221358.877
00:00.0,688119.0916,132641.7712,820760.8628
00:00.0,1263043.208,296236.5965,1559279.804
00:00.0,623326.0715,2242851.407,2866177.479
00:00.0,655323.8,66205.3365,721529.1365
00:00.0,1228161.632,58103.05593,1286264.688
00:00.0,1129810.145,115381.3978,1245191.543
00:00.0,1321210.314,120690.5307,1441900.845
00:00.0,910202.942,42372.4606,952575.4026
00:00.0,1254922.502,683374.1114,1938296.613
00:00.0,613513.7965,2681878.791,3295392.587
00:00.0,620826.9624,61953.04549,682780.0079
00:00.0,796509.0984,149014.5007,945523.5991
00:00.0,228704.2115,49982.66568,278686.8771
00:00.0,332644.6001,89866.47509,422511.0752
00:00.0,362646.803,47393.34071,410040.1437
00:00.0,856420.3594,12452842.1,13309262.46
00:00.0,482862.7578,66813.34567,549676.1034
00:00.0,548231.9029,176937.5359,725169.4388
00:00.0,1178717.768,78096.29709,1256814.065
00:00.0,740035.5424,17090966.32,17831001.87
00:00.0,1133464.578,30994.13014,1164458.709
00:00.0,1294409.424,2508583.314,3802992.738
00:00.0,867737.6726,5542383.928,6410121.6
00:00.0,832104.7322,39277.41617,871382.1484
00:00.0,1305862.349,102655.5879,1408517.937
00:00.0,5925783.617,1575259.825,7501043.441
00:00.0,1554423.992,170407.64,1724831.632
00:00.0,1114954.113,174351.1738,1289305.286
00:00.0,1350449.26,4310033.286,5660482.546
00:00.0,879182.8599,333261.6345,1212444.494
00:00.0,1753713.006,83048.38507,1836761.391
00:00.0,1049751.584,179093.9467,1228845.531
00:00.0,1510341.753,2363362.173,3873703.926
00:00.0,431997.0915,61208.47539,493205.5669
00:00.0,1048429.299,47287.18594,1095716.485
00:00.0,577660.0593,47323.30826,624983.3676
00:00.0,270877.6985,44008379.55,44279257.25
00:00.0,5117056.139,2516289.603,7633345.741
00:00.0,18863903.58,18426567.86,37290471.44
00:00.0,558033.1605,10690.96155,568724.122
00:00.0,402947.8271,17030.2699,419978.097
00:00.0,11071666.72,10055686.09,21127352.81
00:00.0,438013.4439,251623.9081,689637.3519
00:00.0,607467.6887,57533.01465,665000.7034
00:00.0,323329.8136,36966.92784,360296.7414
00:00.0,1043460.467,13422.96663,1056883.434
00:00.0,1424495.526,11087.70234,1435583.228
00:00.0,1182685.912,22046.31751,1204732.23
00:00.0,1147955.11,38025.30188,1185980.412
00:00.0,1064840.239,64610.1046,1129450.344
00:00.0,6239107.887,2714292.388,8953400.275
00:00.0,3061907.901,1522937.069,4584844.97
00:00.0,1440624.421,105944.8765,1546569.297
00:00.0,1592757.934,75494.40269,1668252.337
00:00.0,2481186.945,72033.34043,2553220.285
00:00.0,846404.1582,14362.48289,860766.6411
00:00.0,1211526.586,84055.35469,1295581.941
00:00.0,382550.1673,11461.80209,394011.9694
00:00.0,535343.7919,1060671.056,1596014.848
00:00.0,827660.7038,241626.7126,1069287.416
00:00.0,152263.5949,20247.97674,172511.5716
00:00.0,791331.1559,530661.3541,1321992.51
00:00.0,107676.3615,2815.478504,110491.84
00:00.0,447886.8678,40563.55719,488450.425
00:00.0,197965.006,66171.93953,264136.9455
00:00.0,297062.566,42515.26247,339577.8285
00:00.0,250762.1571,1125768.318,1376530.475
00:00.0,112125.8648,68307.49773,180433.3626
00:00.0,54752.09622,242164.7462,296916.8424
00:00.0,275231.4818,186186.9938,461418.4757
00:00.0,318792.9803,19418.33113,338211.3114
00:00.0,392877.915,28621.32911,421499.2441
00:00.0,148189.7926,663251.8997,811441.6923
00:00.0,6578802.137,6485798.476,13064600.61
00:00.0,205604.8993,61205.46477,266810.364
00:00.0,7998938.128,4154714.264,12153652.39
00:00.0,214096.5082,10546.29098,224642.7991
00:00.0,190067.1894,67253.47019,257320.6596
00:00.0,105142.2023,65451.77705,170593.9794
00:00.0,163312.1586,47856.52238,211168.681
00:00.0,219706.0566,6349.960451,226056.0171
00:00.0,111910.5019,282989.5517,394900.0536
00:00.0,112237.8603,69433.87534,181671.7356
00:00.0,268613.1865,410905.6689,679518.8553
00:00.0,65801.29904,76638.69616,142439.9952
00:00.0,121967.8683,1925524.086,2047491.954
00:00.0,119198.7595,648599.3536,767798.1131
00:00.0,156737.7188,23739.99282,180477.7116
00:00.0,127214.2914,335314.3642,462528.6556
00:00.0,73880.15271,20902.24437,94782.39708
00:00.0,81955.30436,43912.22212,125867.5265
00:00.0,77986.07841,81779.81838,159765.8968
00:00.0,4427638.176,7520747.789,11948385.96
00:00.0,2450220.211,2607368.722,5057588.933
00:00.0,174096.5923,21941.76735,196038.3597
00:00.0,61524.3721,38069.33114,99593.70324
00:00.0,32177.89219,32712.43533,64890.32752
00:00.0,1714793.542,12348.98907,1727142.531
00:00.0,480202.0535,322199.1103,802401.1637
00:00.0,82845.49534,9449.929822,92295.42516
00:00.0,128035.4044,51305.27629,179340.6807
00:00.0,137023.7903,17731.78578,154755.5761
00:00.0,232238.4393,256586.9145,488825.3538
00:00.0,474803.3816,12364.53629,487167.9179
00:00.0,349267.8994,12951.435,362219.3344
00:00.0,1212338.961,155922.0374,1368260.998
00:00.0,209474.3697,210025.2355,419499.6052
00:00.0,847097.514,113458.3919,960555.906
00:00.0,537213.573,25000.65091,562214.2239
00:00.0,3621394.831,3193990.22,6815385.052
00:00.0,391520.2486,136952.0099,528472.2585
00:00.0,252406.6854,157860.8721,410267.5575
00:00.0,466621.7332,1571.736524,468193.4697
00:00.0,694117.5091,26543.53895,720661.048
00:00.0,4913473.851,88736.98644,5002210.838
00:00.0,4333093.704,3152.454292,4336246.158
00:00.0,5564604.601,3364919.361,8929523.962
00:00.0,4986334.56,14822.35495,5001156.915
00:00.0,2211421.282,11882.92027,2223304.202
00:00.0,942929.5752,1586059.515,2528989.09
00:00.0,1215911.86,117004.7379,1332916.598
00:00.0,485140.0233,1171.993395,486312.0167
00:00.0,1073021.453,1349412.659,2422434.113
00:00.0,2057975.95,1808.591273,2059784.541
00:00.0,1328599.454,11815.26513,1340414.719
00:00.0,1113848.531,2356529.794,3470378.324
00:00.0,1201900.474,32645.46011,1234545.934
00:00.0,1416725.113,33048.76979,1449773.883
00:00.0,1080088.569,1696.341078,1081784.91
00:00.0,848210.4606,354583.1665,1202793.627
00:00.0,1315869.795,8718.626633,1324588.422
00:00.0,5442000.413,4191731.221,9633731.634
00:00.0,1150404.806,16849.66434,1167254.47
00:00.0,551643.2205,481010.7251,1032653.946
00:00.0,2325836.951,1109074.108,3434911.059
00:00.0,825240.0295,26765.52709,852005.5566
00:00.0,3474359.283,26627.32845,3500986.611
00:00.0,8460254.277,352745.5285,8812999.806
00:00.0,1526411.067,165260.9934,1691672.061
00:00.0,685875.8457,669590.6627,1355466.508
00:00.0,6424468.755,84368.60247,6508837.357
00:00.0,1678031.964,21231.03654,1699263.001
00:00.0,1962283.117,26932.55968,1989215.676
00:00.0,576122.0609,11404.67656,587526.7375
00:00.0,1702176.576,193686.1683,1895862.744
00:00.0,388049.9187,33312.3965,421362.3152
00:00.0,1002146.687,867749.6865,1869896.373
00:00.0,5867633.943,5258828.032,11126461.97
00:00.0,3866074.502,89970.51372,3956045.016
00:00.0,3046553.511,6494.903733,3053048.415
00:00.0,2517280.48,53246.83069,2570527.311
00:00.0,1305108.663,33044.62693,1338153.29
00:00.0,2119000.941,28030.12209,2147031.063
00:00.0,1096605.999,15684.55413,1112290.553
00:00.0,2487396.08,737758.2528,3225154.333
00:00.0,1343183.498,1056107.616,2399291.113
00:00.0,850885.1438,76292.87791,927178.0217
00:00.0,2223152.647,446762.5177,2669915.164
00:00.0,2553801.225,1372.194068,2555173.419
00:00.0,1123012.542,45632.60446,1168645.147
00:00.0,1001325.756,7782.912095,1009108.668
00:00.0,5834621.621,4550456.718,10385078.34
00:00.0,1009392.426,3902.03991,1013294.466
00:00.0,825121.0237,162580.5193,987701.543
00:00.0,940321.1356,31567.10799,971888.2436
00:00.0,529965.2398,14765.93441,544731.1742
00:00.0,881625.4227,9895.315194,891520.7379
00:00.0,1501107.014,7315.341865,1508422.356
00:00.0,919817.5651,330700.8871,1250518.452
00:00.0,302997.4469,9910.496868,312907.9438
00:00.0,704884.6434,19532.70761,724417.351
00:00.0,261921.443,156236.0544,418157.4973
00:00.0,900558.385,344406.2843,1244964.669
00:00.0,640640.0462,12717.01755,653357.0637
00:00.0,585402.873,8196.595381,593599.4683
00:00.0,3601855.769,307777.6715,3909633.441
00:00.0,6507359.663,58620.43787,6565980.101
00:00.0,4230289.205,66176.04937,4296465.254
00:00.0,7212106.539,4633933.558,11846040.1
00:00.0,2213599.928,32385.75061,2245985.679
00:00.0,1311409.497,36647.54663,1348057.044
00:00.0,1111125.288,64968.86666,1176094.155
00:00.0,1345424.432,321335.8184,1666760.25
00:00.0,1479308.783,3576020.291,5055329.074
00:00.0,3074316.765,1645763.946,4720080.71
00:00.0,878852.5477,580802.5084,1459655.056
00:00.0,1670961.999,42350.39007,1713312.389
00:00.0,2141405.037,50548.19481,2191953.232
00:00.0,1746598.042,41758.3109,1788356.353
00:00.0,920604.6753,280325.1644,1200929.84
00:00.0,14566911.12,83250.96748,14650162.09
00:00.0,2214185.618,816458.1028,3030643.721
00:00.0,5499572.607,3369005.464,8868578.071
00:00.0,639805.9353,103876.1591,743682.0944
00:00.0,1251015.381,24885.85175,1275901.233
00:00.0,1325113.33,75373.25615,1400486.586
00:00.0,850004.0642,15419729.07,16269733.13
00:00.0,724622.1173,124700.0075,849322.1248
00:00.0,3796820.285,127170.1299,3923990.415
00:00.0,2893449.701,73061.64834,2966511.35
00:00.0,7266571.077,6013187.659,13279758.74
00:00.0,1141640.27,98541.82546,1240182.096
00:00.0,985730.9354,578892.7103,1564623.646
00:00.0,3037312.244,2135160.563,5172472.807
00:00.0,1188122.119,197809.1938,1385931.313
00:00.0,1621310.35,203038.2683,1824348.618
00:00.0,10309711,6169361.47,16479072.47
00:00.0,3829714.637,1971168.636,5800883.273
00:00.0,863814.6708,73492.66366,937307.3345
00:00.0,2042800.659,2986451.187,5029251.845
00:00.0,3518024.612,2439378.973,5957403.585
00:00.0,1248430.945,354061.4341,1602492.38
00:00.0,1443049.564,279030.0172,1722079.581
00:00.0,637020.8205,286842.6568,923863.4773
00:00.0,2133257.527,664044.3837,2797301.911
00:00.0,495833.8326,338040.1652,833873.9977
00:00.0,327217.4972,209015.8829,536233.3801
00:00.0,614262.9173,144136.1885,758399.1058
00:00.0,3077020.081,3323465.482,6400485.563
00:00.0,6921125.974,5705260.342,12626386.32
00:00.0,1237472.756,231841.8152,1469314.571
00:00.0,614985.7996,324515.6274,939501.427
00:00.0,398956.7212,219097.9789,618054.7001
00:00.0,1416286.633,196589.2316,1612875.864
00:00.0,2052897.609,1180285.252,3233182.861
00:00.0,1105484.718,123982.1541,1229466.872
00:00.0,340251.3452,190654.9379,530906.2831
00:00.0,1011901.34,184939.9135,1196841.253
00:00.0,1769492.878,422458.0067,2191950.884
00:00.0,645116.6824,109189.4401,754306.1225
00:00.0,1266335.23,72717.14223,1339052.372
00:00.0,6426909.481,5750845.363,12177754.84
00:00.0,862372.6747,112145.3284,974518.0031
00:00.0,1720243.731,145096.875,1865340.606
00:00.0,1175388.377,130065.8231,1305454.2
00:00.0,1232136.264,186303.9527,1418440.217
00:00.0,2808863.076,378965.9949,3187829.071
00:00.0,7699145.354,6708163.116,14407308.47
00:00.0,636910.9942,226224.5816,863135.5758
00:00.0,473835.1729,129008.0416,602843.2145
00:00.0,2564045.025,1189862.987,3753908.012
00:00.0,397399.4474,82767.95562,480167.403
00:00.0,405452.745,150785.8095,556238.5545
00:00.0,578201.8089,135469.0409,713670.8498
00:00.0,276570.7387,100568.9789,377139.7176
00:00.0,631321.0476,136119.5146,767440.5622
00:00.0,199711.0605,112413.0981,312124.1586
00:00.0,371094.1833,65123.07166,436217.255
00:00.0,465488.9334,61463.99124,526952.9247
00:00.0,7899555.312,5518414.92,13417970.23
00:00.0,221411.4029,33186.42198,254597.8249
00:00.0,161231.7363,8107.104157,169338.8404
00:00.0,1518505.411,238470.3,1756975.711
00:00.0,1450366.112,155809.5172,1606175.629
00:00.0,1083770.145,768967.6895,1852737.834
00:00.0,7356599.09,6068964.451,13425563.54
00:00.0,436723.8116,107252.0154,543975.8269
00:00.0,570522.8467,124676.3186,695199.1652
00:00.0,38373.81725,83568.95906,121942.7763
00:00.0,648501.8341,346580.4606,995082.2947
00:00.0,858168.8133,133163.7621,991332.5754
00:00.0,628523.2966,126036.5465,754559.843
00:00.0,688429.2819,270340.8216,958770.1036
00:00.0,87256.111,310342.092,397598.203
00:00.0,822358.1762,285729.3784,1108087.555
00:00.0,505778.1954,144644.6615,650422.8569
00:00.0,104936.2265,3169128.372,3274064.599
00:00.0,325289.9493,229952.0844,555242.0337
00:00.0,8905077.769,7128855.379,16033933.15
00:00.0,1369693.616,221518.5172,1591212.134
00:00.0,1996333.331,123561.7178,2119895.049
00:00.0,1207362.797,1293759.513,2501122.31
00:00.0,259024.095,166838.1768,425862.2718
00:00.0,915519.7986,4860733.347,5776253.146
00:00.0,397415.9112,97255.84213,494671.7533
00:00.0,760447.9188,1758455.329,2518903.248
00:00.0,612991.4952,234956.0051,847947.5003
00:00.0,6803059.9,4242635.992,11045695.89
00:00.0,1292029.255,71591.00665,1363620.261
00:00.0,807375.1996,69563.67555,876938.8751
00:00.0,1206931.237,3865355.453,5072286.69
00:00.0,539379.1816,141379.3773,680758.5589
00:00.0,485339.7371,212953.2241,698292.9612
00:00.0,727429.7818,314216.9201,1041646.702
00:00.0,1410449.133,165671.1352,1576120.268
00:00.0,7334606.953,3829289.574,11163896.53
00:00.0,833625.492,124355.4962,957980.9882
00:00.0,1956259.553,181926,2138185.553
00:00.0,5518005.932,3535686.542,9053692.474
00:00.0,824381.8455,2554568.022,3378949.868
00:00.0,2241991.283,1021239.553,3263230.837
00:00.0,6833707.639,5023765.895,11857473.53
00:00.0,1275790.795,1781938.161,3057728.956
00:00.0,1604917.217,747699.0021,2352616.219
00:00.0,699402.8825,365169.3298,1064572.212
00:00.0,875631.9234,1377091.561,2252723.485
00:00.0,264064.0293,536189.7168,800253.7461
00:00.0,475190.8454,305443.272,780634.1174
00:00.0,3476346.035,3201574.982,6677921.017
00:00.0,6253032.892,5197432.992,11450465.88
00:00.0,279005.3256,411928.2933,690933.6189
00:00.0,5260955.87,4809202.421,10070158.29
00:00.0,893883.1555,418314.9882,1312198.144
00:00.0,850063.3865,258404.3711,1108467.758
00:00.0,210689301.4,212537706.6,423227008
00:00.0,3825609.866,134770.1953,3960380.061
00:00.0,76238.49335,448931.4755,525169.9689
00:00.0,626489.9288,81772.55027,708262.4791
00:00.0,1609977.573,78222.40848,1688199.982
00:00.0,3395714.904,407223.8752,3802938.78
00:00.0,105304.2814,151707.9711,257012.2524
00:00.0,1055511.598,147235.8592,1202747.457
00:00.0,2280485.007,105375.4614,2385860.468
00:00.0,2646577.925,2095032.086,4741610.011
00:00.0,220346.13,1613324.929,1833671.059
00:00.0,160074.3928,10593373.3,10753447.69
00:00.0,140895.1403,12271365.69,12412260.83
00:00.0,2285271.789,16595382.27,18880654.06
00:00.0,622714.3374,20577844.87,21200559.21
00:00.0,1287740.944,7257159.284,8544900.228
00:00.0,118211.4047,8274435.976,8392647.38
00:00.0,866074.2696,26831736.24,27697810.51
00:00.0,265808.0065,12438674.44,12704482.44
00:00.0,1543499.057,17100865.94,18644364.99
00:00.0,1380769.737,10590375.91,11971145.65
00:00.0,1349069.815,5818696.631,7167766.447
00:00.0,874723.5228,5330431.368,6205154.891
00:00.0,67192.84359,1502225.773,1569418.616
00:00.0,535022.276,10655048.16,11190070.44
00:00.0,1257214.046,7440732.939,8697946.985
00:00.0,998120.4297,12227294.65,13225415.08
00:00.0,889622.8887,4351807.396,5241430.285
00:00.0,19312.93868,9271784.455,9291097.394
00:00.0,112465.2329,5799475.525,5911940.758
00:00.0,33160.27159,839538.4041,872698.6757
00:00.0,83489.60272,6476273.67,6559763.273
00:00.0,270204.9083,2736492.115,3006697.023
00:00.0,52130.53282,4479441.998,4531572.53
00:00.0,31971.86161,4897041.305,4929013.166
00:00.0,109989.3488,5009851.363,5119840.711
00:00.0,457913.4501,60975564.85,61433478.3
00:00.0,441070.6116,17928341.35,18369411.96
00:00.0,415679.1062,18352955.69,18768634.8
00:00.0,110177.539,13296510.56,13406688.1
00:00.0,949193.214,8077886.176,9027079.39
00:00.0,4999977.132,20783636.75,25783613.88
00:00.0,4000815.383,10856912.5,14857727.88
00:00.0,1814478.898,10839520.5,12653999.4
00:00.0,67921.74802,9113219.411,9181141.159
00:00.0,261409.9413,9357997.409,9619407.35
00:00.0,2954130.228,8786362.475,11740492.7
00:00.0,77042.60672,5875466.219,5952508.826
00:00.0,669750.054,14248435.19,14918185.25
00:00.0,240665.647,9321688.835,9562354.482
00:00.0,117986.4254,1539202.445,1657188.87
00:00.0,113311.6714,13118718.68,13232030.35
00:00.0,243042.4036,4407190.693,4650233.097
00:00.0,745714.9645,6493306.166,7239021.13
00:00.0,236050.0144,22277384.39,22513434.4
00:00.0,5461946.121,29864284.7,35326230.82
00:00.0,3605241.103,9804678.776,13409919.88
00:00.0,174113.9663,5249060.343,5423174.309
00:00.0,600748.4328,1135726.789,1736475.222
00:00.0,34713.70818,6558818.972,6593532.68
00:00.0,147710.3914,10707016.71,10854727.1
00:00.0,121936.3238,11344215.92,11466152.25
00:00.0,98832.93102,10928050.13,11026883.06
00:00.0,177997.3979,2504998.445,2682995.843
00:00.0,14453.97225,3652393.464,3666847.436
00:00.0,40475.39251,2006816.737,2047292.129
00:00.0,279999.8793,2313362.254,2593362.133
00:00.0,327102.9914,13973397.68,14300500.67
00:00.0,230185.8093,10143787.37,10373973.17
00:00.0,136748.0976,19245728.02,19382476.12
00:00.0,196411.0554,7975368.603,8171779.658
00:00.0,1290955.08,4572962.045,5863917.124
00:00.0,56095.13256,6694345.324,6750440.456
00:00.0,67818.08812,3666919.096,3734737.184
00:00.0,1797185.355,6472078.717,8269264.071
00:00.0,244026.6379,9135062.828,9379089.466
00:00.0,251216.8121,2900730.22,3151947.032
00:00.0,507675.1393,21296577.03,21804252.17
00:00.0,2793503.593,29542827.84,32336331.43
00:00.0,1200915.09,8350600.939,9551516.029
00:00.0,3726408.058,44053978.09,47780386.15
00:00.0,273925.632,7712610.853,7986536.485
00:00.0,50281.97074,3141439.198,3191721.169
00:00.0,841305.6118,12398954.2,13240259.81
00:00.0,6660989.295,38230788.05,44891777.35
00:00.0,19178060.28,14977245.7,34155305.98
00:00.0,174148.41,4021292.774,4195441.184
00:00.0,902367.5423,14750949.21,15653316.75
00:00.0,3500788.216,47995038.86,51495827.08
00:00.0,279144.8812,8184236.798,8463381.679
00:00.0,3391179.054,36123516.27,39514695.32
00:00.0,5044472.715,42493588.99,47538061.7
00:00.0,10154687.1,33951359.36,44106046.46
00:00.0,1226910.755,14948205.59,16175116.34
00:00.0,5270813.112,4113076.578,9383889.69
00:00.0,16633709.94,6994766.892,23628476.83
00:00.0,656657.3331,1950994.324,2607651.657
00:00.0,3019876.534,3796296.256,6816172.79
00:00.0,235690.9104,11761398.06,11997088.97
00:00.0,1182969.969,2597973.97,3780943.94
00:00.0,1451262.09,2526056.944,3977319.034
00:00.0,1458529.44,3690752.028,5149281.469
00:00.0,450156.9462,6630432.807,7080589.753
00:00.0,276147.0153,3888507.807,4164654.822
00:00.0,415754.9434,883158.8393,1298913.783
00:00.0,527315.8906,25703960.87,26231276.76
00:00.0,129764.8871,11551645.72,11681410.6
00:00.0,285567.3118,23552303.64,23837870.95
00:00.0,1951773.903,1471336.066,3423109.969
00:00.0,1083701.226,18438377.41,19522078.64
00:00.0,2405566.533,10226907.53,12632474.07
00:00.0,3005463.086,24798635.46,27804098.55
00:00.0,42822.34956,7893333.936,7936156.286
00:00.0,100799.1311,2423177.002,2523976.133
00:00.0,319959.3253,6281511.531,6601470.856
00:00.0,1326.938074,7027.615231,8354.553305
00:00.0,949162.4928,5781544.205,6730706.698
00:00.0,3636872.29,49193678.36,52830550.66
00:00.0,578765.3011,7361418.326,7940183.627
00:00.0,143891.7803,16821.44539,160713.2257
00:00.0,263258.0463,14015473.92,14278731.97
00:00.0,560662.837,5641336.149,6201998.987
00:00.0,364538.2315,5301625.606,5666163.838
00:00.0,16253573.1,49834269.18,66087842.28
00:00.0,3456488.65,10023855.01,13480343.66
00:00.0,12440605.91,14263678.65,26704284.56
00:00.0,436167.3836,3311294.206,3747461.59
00:00.0,542891.3184,161067.2751,703958.5935
00:00.0,731033.7654,6379779.646,7110813.412
00:00.0,408326.8367,2299732.537,2708059.374
00:00.0,933098.2118,6363687.077,7296785.289
00:00.0,575028.9411,186995.1641,762024.1052
00:00.0,4473376.191,4742033.6,9215409.79
00:00.0,3545348.679,24591248.23,28136596.91
00:00.0,5221014.05,3818584.168,9039598.217
00:00.0,974271.3352,2568099.498,3542370.833
00:00.0,67155.17183,2588610.831,2655766.002
00:00.0,48634.47856,4157864.942,4206499.42
00:00.0,402711.2743,9496063.4,9898774.674
00:00.0,9027.12643,29570.72719,38597.85362
00:00.0,534084.2563,845471.2968,1379555.553
00:00.0,204768.3974,176795.3026,381563.7
00:00.0,227995.051,187394.6038,415389.6548
00:00.0,41470.69663,2595884.073,2637354.77
00:00.0,233483.0856,1819169.854,2052652.939
00:00.0,57435.76771,3161734.124,3219169.892
00:00.0,418146.05,9034.209679,427180.2597
00:00.0,87588.00817,1191765.609,1279353.617
00:00.0,40956.53565,1439505.024,1480461.559
00:00.0,43860.3354,5980.124471,49840.45987
00:00.0,42280.51355,1481240.165,1523520.678
00:00.0,4151.149116,8892957.793,8897108.942
00:00.0,46874.00848,29498.17166,76372.18014
00:00.0,28292.5129,1574146.93,1602439.443
00:00.0,167252.4069,4133124.979,4300377.386
00:00.0,1123736.28,2475557.948,3599294.228
00:00.0,1449919.758,20880.71694,1470800.475
00:00.0,133463.4564,1691153.149,1824616.606
00:00.0,116009.0657,67789.73941,183798.8051
00:00.0,145933.2121,3866951.918,4012885.13
00:00.0,46020.40524,40352.96769,86373.37292
00:00.0,1556820.572,47538.54504,1604359.117
00:00.0,166590.1505,1279320.081,1445910.231
00:00.0,63785.20881,770163.838,833949.0468
00:00.0,1328754.24,801873.2918,2130627.532
00:00.0,443140.3651,3556125.971,3999266.336
00:00.0,72725.14381,2727589.018,2800314.162
00:00.0,67024.64602,4414372.983,4481397.629
00:00.0,170878.1206,27180.06427,198058.1849
00:00.0,1308960.471,3870311.358,5179271.829
00:00.0,125241.6987,1707790.055,1833031.754
00:00.0,3045.043635,2218829.642,2221874.686
00:00.0,238635.3203,6079174.729,6317810.049
00:00.0,173640.5375,7954924.755,8128565.293
00:00.0,196615.1371,3248077.806,3444692.943
00:00.0,12076.20736,4453456.568,4465532.775
00:00.0,54505.48576,8010.495589,62515.98135
00:00.0,40963.62535,2581253.381,2622217.006
00:00.0,738941.646,2665653.787,3404595.433
00:00.0,1799937.728,8269027.845,10068965.57
00:00.0,4129570.987,854569.0725,4984140.06
00:00.0,79614.20894,55613.35899,135227.5679
00:00.0,44004.89884,950635.6329,994640.5317
00:00.0,44734.28834,515584.3544,560318.6428
00:00.0,632327.2627,958427.4796,1590754.742
00:00.0,94984.01448,1057897.58,1152881.595
00:00.0,10011996.77,9617852.283,19629849.05
00:00.0,268947.3963,993608.7985,1262556.195
00:00.0,219345.7112,2864120.881,3083466.593
00:00.0,1385686.276,125322.8126,1511009.089
00:00.0,155371.6949,3512358.661,3667730.356
00:00.0,584309.7826,4927771.948,5512081.731
00:00.0,1202531.126,4116385.772,5318916.898
00:00.0,111358.3957,1598102.951,1709461.347
00:00.0,23176.40156,16134882.88,16158059.28
00:00.0,19521.27001,5829376.606,5848897.876
00:00.0,43353.63947,20471.84205,63825.48152
00:00.0,314494.8531,2239655.029,2554149.882
00:00.0,136945.7889,1583583.109,1720528.897
00:00.0,15112.51559,734027.1445,749139.6601
00:00.0,243080.1578,2642001.738,2885081.896
00:00.0,327849.4619,2470058.342,2797907.804
00:00.0,590192.507,434652.7742,1024845.281
00:00.0,75792.9181,1181449.455,1257242.373
00:00.0,36147.63868,2843333.688,2879481.327
00:00.0,119480.788,10637.12768,130117.9157
00:00.0,72445.81817,1504.270879,73950.08905
00:00.0,264286.0411,1789549.79,2053835.831
00:00.0,28438.02771,89246.89323,117684.9209
00:00.0,73758.70294,3014398.849,3088157.552
00:00.0,1100450.458,3348137.098,4448587.556
00:00.0,778052.9708,3526123.068,4304176.039
00:00.0,19868.6596,2804048.856,2823917.516
00:00.0,698704.3434,959630.3636,1658334.707
00:00.0,7576216.142,13088011.4,20664227.55
00:00.0,130906.8499,3446988.248,3577895.098
00:00.0,137802.6216,4218957.608,4356760.229
00:00.0,24753.24176,19631273.35,19656026.59
00:00.0,47132.15808,2156670.235,2203802.393
00:00.0,36699.79246,5331019.883,5367719.676
00:00.0,27561.55708,1368885.7,1396447.257
00:00.0,336072.24,3467864.21,3803936.45
00:00.0,49699.41357,7143.900759,56843.31433
00:00.0,123912.9447,3046222.794,3170135.739
00:00.0,334362.8656,3268953.364,3603316.23
00:00.0,215505.9182,2750611.93,2966117.848
00:00.0,84872.69161,3020602.656,3105475.347
00:00.0,91410.78371,1861948.399,1953359.183
00:00.0,95450.65259,1166522.536,1261973.189
00:00.0,1112655.918,1711602.825,2824258.742
00:00.0,12918656.34,15522071.51,28440727.85
00:00.0,167396.1903,1143226.044,1310622.234
00:00.0,451492.1962,992932.5435,1444424.74
00:00.0,262338.0435,1312439.932,1574777.975
00:00.0,786653.7372,873629.4096,1660283.147
00:00.0,596664.6206,1004184.193,1600848.813
00:00.0,774234.3441,2531.63595,776765.9801
00:00.0,1066609.945,1293217.107,2359827.053
00:00.0,428800.0778,4308105.572,4736905.65
00:00.0,554293.3152,3739147.449,4293440.764
00:00.0,135747.5057,42710.44591,178457.9516
00:00.0,427047.8216,661748.2478,1088796.069
00:00.0,67591.53939,964716.3359,1032307.875
00:00.0,175456.3534,5944.369793,181400.7232
00:00.0,138563.0562,1576.146632,140139.2028
00:00.0,155467.6138,4867980.024,5023447.638
00:00.0,12797754.25,4210080.376,17007834.63
00:00.0,66013.49913,910776.4535,976789.9526
00:00.0,38002.55676,3545.644441,41548.2012
00:00.0,67816.56929,7279589.825,7347406.395
00:00.0,192752.4905,45275.96833,238028.4588
00:00.0,259577.5964,825244.3866,1084821.983
00:00.0,41941.80187,11822.48681,53764.28868
00:00.0,113555.4663,22771.99081,136327.4571
00:00.0,68671.07674,2444.80667,71115.88341
00:00.0,64093.75103,459121.832,523215.5831
00:00.0,47974.13197,14496.15067,62470.28264
00:00.0,168480.4077,19375.82761,187856.2353
00:00.0,2229754.747,2117401.465,4347156.212
00:00.0,1126878.781,1268934.019,2395812.801
00:00.0,2145717.946,18523.06413,2164241.01
00:00.0,143707.7387,1091090.814,1234798.552
00:00.0,1174759.251,1380430.623,2555189.874
00:00.0,311328.0109,3888481.032,4199809.043
00:00.0,189530.5859,18584.71959,208115.3054
00:00.0,609678.4686,668103.4649,1277781.934
00:00.0,454671.0147,12718.58818,467389.6028
00:00.0,973246.537,1007180.741,1980427.278
00:00.0,1069496.557,2500521.105,3570017.662
00:00.0,80887.90162,188200.487,269088.3887
00:00.0,169872.9528,616190.0169,786062.9696
00:00.0,1014299.459,26835967.3,27850266.76
00:00.0,4202585.793,19369813.24,23572399.04
00:00.0,432021.6427,9758201.083,10190222.73
00:00.0,279838.5419,7062709.501,7342548.043
00:00.0,1318274.093,51485630.81,52803904.9
00:00.0,39621.70535,408650.9438,448272.6492
00:00.0,2295480.821,10048175.07,12343655.89
00:00.0,44823.38673,22482543,22527366.39
00:00.0,1369332.773,3830494.919,5199827.692
00:00.0,229361.1161,4530620.176,4759981.292
00:00.0,158300.2967,2634371.668,2792671.964
00:00.0,47583.35621,4621608.081,4669191.437
00:00.0,87833.98017,48855.79585,136689.776
00:00.0,1368673.478,18049.53625,1386723.015
00:00.0,56970.23651,6411579.867,6468550.104
00:00.0,883034.1407,3780555.545,4663589.685
00:00.0,97408.72532,4687203.236,4784611.961
00:00.0,719953.8978,14851.45506,734805.3528
00:00.0,74536.04851,16896.62632,91432.67483
00:00.0,163631.1681,14911.07762,178542.2458
00:00.0,140591.2997,15066.60975,155657.9094
00:00.0,62491.08177,629236.1931,691727.2749
00:00.0,410232.208,2369173.058,2779405.266
00:00.0,95931.77598,1936401.693,2032333.469
00:00.0,304035.6888,717572.7795,1021608.468
00:00.0,56772.90387,8107.088076,64879.99194
00:00.0,240626.6369,7211.515851,247838.1528
00:00.0,346450.4216,25798.55729,372248.9789
00:00.0,115941.1854,12008.06984,127949.2552
00:00.0,10074039.35,11948661.56,22022700.91
00:00.0,108399.6545,13577.74095,121977.3954
00:00.0,198739.5702,11617.44947,210357.0196
00:00.0,51247.72098,1824.603416,53072.32439
00:00.0,85520.33122,17654.25561,103174.5868
00:00.0,44242.27951,1954723.592,1998965.871
00:00.0,141148.6288,5322819.01,5463967.639
00:00.0,93595.53452,16347.23871,109942.7732
00:00.0,393104.4376,15486.56597,408591.0036
00:00.0,74716.90429,11332.62658,86049.53087
00:00.0,356756.504,956757.6184,1313514.122
00:00.0,12027.95004,41190.08614,53218.03618
00:00.0,42252.1696,555220.8429,597473.0125
00:00.0,2508407.466,2453282.131,4961689.597
00:00.0,38254.60117,2548743.441,2586998.042
00:00.0,372591.6713,170156.7144,542748.3857
00:00.0,276160.0622,9809.396716,285969.4589
00:00.0,17118.27181,4862.083498,21980.35531
00:00.0,17151.74836,305567.4381,322719.1865
00:00.0,28971.22326,11010.19304,39981.4163
00:00.0,60914.68674,497620.0805,558534.7673
00:00.0,231930.4984,487269.3311,719199.8295
00:00.0,429403.469,10536.17592,439939.6449
00:00.0,28731.67864,8506.96909,37238.64773
00:00.0,63435.3414,419052.889,482488.2303
00:00.0,47946.61053,1338337.066,1386283.677
00:00.0,16679.70886,11384.75912,28064.46799
00:00.0,59272.7527,98267.32974,157540.0824
00:00.0,71199.81257,8645117.459,8716317.272
00:00.0,27389.07924,9855.462564,37244.5418
00:00.0,107383.8629,43203.09852,150586.9614
00:00.0,67279.27736,20365.16471,87644.44207
00:00.0,45486.08523,4319822.25,4365308.335
00:00.0,1110345.218,46005.27754,1156350.496
00:00.0,1096073.396,7356.40581,1103429.802
00:00.0,47089.89979,1599850.878,1646940.778
00:00.0,2881098.034,3225842.719,6106940.753
00:00.0,35903.57197,10291.88216,46195.45413
00:00.0,3087323.743,110589.1854,3197912.929
00:00.0,1708978.799,15097.76384,1724076.563
00:00.0,1279652.917,8239437.537,9519090.454
00:00.0,78150.59138,18913.58661,97064.17799
00:00.0,517783.1254,23005.5832,540788.7086
00:00.0,527981.5591,78020.04566,606001.6047
00:00.0,216815.5802,55653.8858,272469.466
00:00.0,192667.8911,94656.46278,287324.3539
00:00.0,478708.3547,214977.3932,693685.7478
00:00.0,402406.8006,942902.982,1345309.783
00:00.0,364197.6242,217843.1145,582040.7387
00:00.0,401861.7038,3446765.738,3848627.442
00:00.0,85053.95766,3245317.467,3330371.425
00:00.0,215303.5769,104339.1895,319642.7665
00:00.0,76199.1803,61197.43136,137396.6117
00:00.0,107353.2401,16064.96726,123418.2073
00:00.0,1009261.87,550423.3852,1559685.255
00:00.0,452946.6836,270773.5761,723720.2598
00:00.0,496990.1948,271203.4294,768193.6242
00:00.0,572595.2994,616994.54,1189589.839
00:00.0,421346.9327,4194672.499,4616019.431
00:00.0,498209.73,131171.2326,629380.9627
00:00.0,503265.9634,140321.6437,643587.6071
00:00.0,245897.5218,624660.7016,870558.2234
00:00.0,729465.712,190602.4832,920068.1953
00:00.0,821154.0044,314344.5439,1135498.548
00:00.0,461213.7367,5165698.501,5626912.238
00:00.0,548190.867,192927.3226,741118.1896
00:00.0,156955.0819,17559.50335,174514.5853
00:00.0,190067.6645,14245.10478,204312.7692
00:00.0,265546.3416,10531484.82,10797031.16
00:00.0,466240.11,157626.2682,623866.3781
00:00.0,586316.8524,159101.0523,745417.9047
00:00.0,484463.1923,108881.146,593344.3383
00:00.0,734832.1246,272821.3443,1007653.469
00:00.0,353460.1903,48978.69081,402438.8811
00:00.0,1313018.091,74362.75109,1387380.842
00:00.0,678446.4889,151903.5522,830350.041
00:00.0,1288101.268,59054.09462,1347155.363
00:00.0,1091191.024,186265.5417,1277456.566
00:00.0,221661.484,331624.2071,553285.6912
00:00.0,138031.8497,43138.45997,181170.3096
00:00.0,671649.0272,299013.3046,970662.3317
00:00.0,178210.2397,92006.84384,270217.0836
00:00.0,142806.0511,102826.6377,245632.6888
00:00.0,333054.9465,164249.5633,497304.5098
00:00.0,217015.9789,13069.80438,230085.7833
00:00.0,305332.5047,36474.23465,341806.7394
00:00.0,194783.1012,131850.5297,326633.6309
00:00.0,90254.3691,12543.82259,102798.1917
00:00.0,135261.1061,13360.89104,148621.9971
00:00.0,223631.9064,355984.2393,579616.1457
00:00.0,212303.6461,11859.46786,224163.114
00:00.0,163122.7307,92504.80842,255627.5391
00:00.0,744220.441,204840.2555,949060.6965
00:00.0,388506.1204,16279740.99,16668247.11
00:00.0,10677018.79,252026779.9,262703798.7
00:00.0,732199.1919,47040424.45,47772623.64
00:00.0,1270898.919,8363155.196,9634054.115
00:00.0,504364.7981,10058650.88,10563015.68
00:00.0,637237.0814,10111087.27,10748324.35
00:00.0,346928.7619,10059.27794,356988.0399
00:00.0,281028.3003,41409.09497,322437.3953
00:00.0,291996.2941,22856.40995,314852.7041
00:00.0,113236.1867,4494633.961,4607870.148
00:00.0,7101197.112,6770659.05,13871856.16
00:00.0,730660.1243,1265455.953,1996116.078
00:00.0,177396.9277,33174.17006,210571.0978
00:00.0,337759.8967,38787.96657,376547.8633
00:00.0,271477.1953,228998.9145,500476.1098
00:00.0,276198.7951,2670074.907,2946273.702
00:00.0,365502.9201,2927853.241,3293356.162
00:00.0,297158.6099,2735772.056,3032930.666
00:00.0,269272.2851,5030.861718,274303.1468
00:00.0,147779.2857,16248.67417,164027.9599
00:00.0,434262.1171,5454453.159,5888715.276
00:00.0,145276.715,12763.79462,158040.5096
00:00.0,255350.4043,1847549.348,2102899.753
00:00.0,275001.2884,4410.059263,279411.3477
00:00.0,199109.2226,93502.38324,292611.6058
00:00.0,179490.8004,12965.02912,192455.8295
00:00.0,368072.922,11130.14217,379203.0641
00:00.0,326385.478,12207.75555,338593.2336
00:00.0,272237.0362,176423.5685,448660.6047
00:00.0,120144.5371,14963.43295,135107.9701
00:00.0,76607.42896,10182.95585,86790.38482
00:00.0,152545.3263,1382.532264,153927.8585
00:00.0,116592.5403,21614.76624,138207.3065
00:00.0,7274876.68,10483346.03,17758222.71
00:00.0,498126.9453,34772.5425,532899.4878
00:00.0,382896.3646,7925967.096,8308863.461
00:00.0,397708.6646,13273.87742,410982.542
00:00.0,271600.7494,861483.8937,1133084.643
00:00.0,933985.3846,4332461.308,5266446.692
00:00.0,680738.9339,1270480.915,1951219.849
00:00.0,572240.4512,2198346.643,2770587.094
00:00.0,521080.7689,23653.96214,544734.731
00:00.0,457014.8849,2728658.835,3185673.72
00:00.0,320780.9941,49943.21403,370724.2081
00:00.0,946108.1115,1597232.161,2543340.272
00:00.0,599516.0002,1402766.423,2002282.424
00:00.0,377359.3922,1995947.618,2373307.01
00:00.0,470370.0795,1183052.135,1653422.214
00:00.0,380761.6194,12705.03997,393466.6594
00:00.0,427474.3396,118786.3869,546260.7264
00:00.0,394181.9519,9664.699054,403846.651
00:00.0,673225.0229,12605.11881,685830.1417
00:00.0,1058977.72,1131667.804,2190645.524
00:00.0,1417595.829,40384.87617,1457980.705
00:00.0,1448472.734,765975.727,2214448.461
00:00.0,1752702.558,1408598.007,3161300.565
00:00.0,4749606.324,829121.9515,5578728.275
00:00.0,3583336.76,15658375.88,19241712.64
00:00.0,2908833.707,2872228.245,5781061.952
00:00.0,2665176.104,33089677.77,35754853.87
00:00.0,2278734.777,958518.949,3237253.726
00:00.0,1490019.657,17018240.36,18508260.02
00:00.0,2521052.181,22837079.87,25358132.05
00:00.0,1688517.433,9730315.566,11418833
00:00.0,957221.055,1099404.434,2056625.489
00:00.0,853923.3462,20940.9665,874864.3127
00:00.0,1429469.327,3304874.958,4734344.286
00:00.0,1286198.887,2533554.101,3819752.987
00:00.0,1558285.747,7609455.854,9167741.601
00:00.0,1580195.402,499313.9481,2079509.35
00:00.0,1407065.634,4370191.598,5777257.232
00:00.0,1741259.639,4369466.484,6110726.124
00:00.0,2004362.571,915431.1649,2919793.736
00:00.0,3520555.349,1102363.506,4622918.855
00:00.0,3775675.957,56929.94282,3832605.899
00:00.0,1763035.872,1311342.231,3074378.102
00:00.0,2172149.437,1964438.367,4136587.804
00:00.0,2042318.536,5084351.216,7126669.753
00:00.0,1485586.813,16724.57353,1502311.387
00:00.0,1173487.437,10183415.02,11356902.46
00:00.0,1373562.478,47237.24518,1420799.723
00:00.0,1390983.959,9989.697838,1400973.657
00:00.0,1461348.48,2671180.698,4132529.177
00:00.0,1070040.45,15834.36313,1085874.813
00:00.0,1110408.928,1154524.938,2264933.865
00:00.0,803649.9205,8546.841564,812196.762
00:00.0,1023418.548,36818.9671,1060237.515
00:00.0,1142241.86,54178.84227,1196420.702
00:00.0,1527876.791,1880040.852,3407917.642
00:00.0,2704307.443,929727.2037,3634034.647
00:00.0,1065209.266,1900524.434,2965733.701
00:00.0,830679.5466,17960.71368,848640.2603
00:00.0,1124195.856,5796839.418,6921035.275
00:00.0,1923651.562,1353353.321,3277004.884
00:00.0,669375.3024,5758161.745,6427537.048
00:00.0,677964.9624,3558128.357,4236093.319
00:00.0,729126.6391,15138977.55,15868104.19
00:00.0,721775.0498,9071405.934,9793180.984
00:00.0,703813.45,4215753.305,4919566.755
00:00.0,649309.8861,1386257.002,2035566.888
00:00.0,677234.7245,1013954.211,1691188.935
00:00.0,597576.9959,5503532.839,6101109.835
00:00.0,750808.557,2837479.001,3588287.558
00:00.0,622561.0055,5156740.508,5779301.514
00:00.0,29151115.9,29480941.5,58632057.4
00:00.0,518218.7606,3844121.298,4362340.059
00:00.0,627512.1828,3220.464697,630732.6475
00:00.0,443004.3684,2087.513177,445091.8816
00:00.0,470608.2715,11478.81426,482087.0858
00:00.0,1119508.269,1716.511082,1121224.78
00:00.0,590141.4607,6445437.249,7035578.71
00:00.0,822004.8143,3429.264626,825434.079
00:00.0,1108655.236,1786291.76,2894946.995
00:00.0,483422.0878,3844050.542,4327472.63
