DATE,Price
2020/5/5,207.1396788
2020/5/6,201.3836411
2020/5/7,207.6472591
2020/5/8,212.8508357
2020/5/9,212.2310734
2020/5/10,188.2166899
2020/5/11,187.8121417
2020/5/12,189.203231
2020/5/13,193.5768076
2020/5/14,200.6603892
2020/5/15,198.9458609
2020/5/16,199.7674528
2020/5/17,204.313963
2020/5/18,212.7343576
2020/5/19,212.7007487
2020/5/20,212.2345721
2020/5/21,206.4948472
2020/5/22,202.8616438
2020/5/23,208.1354661
2020/5/24,207.7388196
2020/5/25,203.6531506
2020/5/26,203.204092
2020/5/27,205.8137786
2020/5/28,211.0252631
2020/5/29,220.7507284
2020/5/30,231.5451675
2020/5/31,236.9064039
2020/6/1,237.9226177
2020/6/2,243.8523347
2020/6/3,238.9999151
2020/6/4,241.9130572
2020/6/5,242.7324202
2020/6/6,241.0186385
2020/6/7,240.7382956
2020/6/8,243.4720099
2020/6/9,243.4960529
2020/6/10,245.1263146
2020/6/11,242.6415884
2020/6/12,235.7643278
2020/6/13,237.5516751
2020/6/14,236.7510905
2020/6/15,228.6706511
2020/6/16,233.5714068
2020/6/17,232.991729
2020/6/18,232.126447
2020/6/19,229.0643608
2020/6/20,229.2883087
2020/6/21,230.7445009
2020/6/22,237.2588348
2020/6/23,242.0473836
2020/6/24,240.5282709
2020/6/25,233.7800094
2020/6/26,231.8836091
2020/6/27,228.9281179
2020/6/28,224.1593116
2020/6/29,225.3323478
2020/6/30,226.4979273
2020/7/1,228.1264115
2020/7/2,230.0099573
2020/7/3,227.359564
2020/7/4,226.8793882
2020/7/5,226.5930363
2020/7/6,233.3456582
2020/7/7,237.5567786
2020/7/8,241.2870832
2020/7/9,246.5429848
2020/7/10,244.9844266
2020/7/11,244.9844266
2020/7/12,242.1112863
2020/7/13,241.9115511
2020/7/14,236.8561774
2020/7/15,235.3702813
2020/7/16,234.1138736
2020/7/17,230.9751532
2020/7/18,250.6729289
2020/7/19,254.1017075
2020/7/20,238.1584943
2020/7/21,236.3470158
2020/7/22,236.7270273
2020/7/23,265.8846015
2020/7/24,275.0980336
2020/7/25,287.0539042
2020/7/26,306.9413971
2020/7/27,321.1042568
2020/7/28,312.3051056
2020/7/29,328.1347537
2020/7/30,322.2014968
2020/7/31,346.2735567
2020/8/1,388.414346
2020/8/2,367.720599
2020/8/3,374.4212051
2020/8/4,383.8740528
2020/8/5,393.6739102
2020/8/6,393.4338532
2020/8/7,388.2234412
2020/8/8,380.5322956
2020/8/9,393.6045327
2020/8/10,399.5316073
2020/8/11,396.6262846
2020/8/12,382.9043033
2020/8/13,394.2746905
2020/8/14,426.5447067
2020/8/15,427.1859333
2020/8/16,423.3434482
2020/8/17,427.3925491
2020/8/18,428.60763
2020/8/19,415.3520425
2020/8/20,412.3063967
2020/8/21,406.4752875
2020/8/22,389.9457735
2020/8/23,388.0685324
2020/8/24,397.9436946
2020/8/25,393.9499017
2020/8/26,387.0699242
2020/8/27,385.5682401
2020/8/28,390.6902751
2020/8/29,399.101722
2020/8/30,417.2129245
2020/8/31,429.2233047
2020/9/1,460.6353371
2020/9/2,460.0441709
2020/9/3,427.8499205
2020/9/4,392.9784069
2020/9/5,371.0245156
2020/9/6,345.0273614
2020/9/7,350.5477596
2020/9/8,345.0734227
2020/9/9,346.1922954
2020/9/10,372.692326
2020/9/11,367.8791438
2020/9/12,376.5196596
2020/9/13,377.6975988
2020/9/14,372.7445489
2020/9/15,374.2572093
2020/9/16,366.0712071
2020/9/17,380.3506113
2020/9/18,388.3942529
2020/9/19,385.1507598
2020/9/20,380.8578996
2020/9/21,362.6598837
2020/9/22,345.4225082
2020/9/23,339.1307136
2020/9/24,333.3933944
2020/9/25,346.4226284
2020/9/26,354.0351497
2020/9/27,355.9363548
2020/9/28,360.7149051
2020/9/29,358.1577712
2020/9/30,358.5525381
2020/10/1,363.1702452
2020/10/2,347.3677621
2020/10/3,346.1009065
2020/10/4,347.7019082
2020/10/5,351.4186991
2020/10/6,349.8631121
2020/10/7,339.9713266
2020/10/8,339.7042525
2020/10/9,353.7465732
2020/10/10,370.6416342
2020/10/11,374.4055483
2020/10/12,375.8681507
2020/10/13,382.5516176
2020/10/14,379.6462543
2020/10/15,377.1171935
2020/10/16,370.063981
2020/10/17,367.5041333
2020/10/18,372.4722116
2020/10/19,377.4561767
2020/10/20,374.6839727
2020/10/21,378.1777959
2020/10/22,392.7822101
2020/10/23,404.8944956
2020/10/24,411.80858
2020/10/25,409.5885062
2020/10/26,401.8590013
2020/10/27,399.6152061
2020/10/28,394.8712774
2020/10/29,387.2204048
2020/10/30,382.6705559
2020/10/31,385.8215794
2020/11/1,388.5577712
2020/11/2,386.2319562
2020/11/3,379.6686247
2020/11/4,387.0697021
2020/11/5,404.3434538
2020/11/6,435.6284054
2020/11/7,451.0727391
2020/11/8,442.9291929
2020/11/9,449.6890221
2020/11/10,446.7775996
2020/11/11,457.2912814
2020/11/12,459.3365658
2020/11/13,464.3408537
2020/11/14,466.0650384
2020/11/15,455.1167041
2020/11/16,453.2160849
2020/11/17,469.6973649
2020/11/18,482.6846992
2020/11/19,475.4186341
2020/11/20,497.0119029
2020/11/21,521.2446219
2020/11/22,543.6964066
2020/11/23,586.6287982
2020/11/24,601.5816922
2020/11/25,592.0919572
2020/11/26,551.6501225
2020/11/27,503.3905416
2020/11/28,523.4730581
2020/11/29,543.2167092
2020/11/30,577.8462966
2020/12/1,603.709753
2020/12/2,593.4563269
2020/12/3,604.3435165
2020/12/4,599.4852968
2020/12/5,586.8029093
2020/12/6,590.6420748
2020/12/7,589.766673
2020/12/8,579.5056313
2020/12/9,559.6112392
2020/12/10,562.6029337
2020/12/11,547.0573191
2020/12/12,557.6684794
2020/12/13,582.0457189
2020/12/14,583.6636949
2020/12/15,584.9807148
2020/12/16,592.1585631
2020/12/17,653.5353026
2020/12/18,648.0666266
2020/12/19,656.3316778
2020/12/20,649.2991727
2020/12/21,625.5615137
2020/12/22,615.7746807
2020/12/23,613.0686823
2020/12/24,589.7219008
2020/12/25,615.4645375
2020/12/26,631.4781253
2020/12/27,660.1286724
2020/12/28,722.4871249
2020/12/29,717.4350619
2020/12/30,731.6004881
2020/12/31,740.5083992
2021/1/1,738.3662748
2021/1/2,743.8751687
2021/1/3,845.0306854
2021/1/4,1052.504918
2021/1/5,1051.404121
2021/1/6,1132.84113
2021/1/7,1226.267988
2021/1/8,1204.466992
2021/1/9,1219.782936
2021/1/10,1327.152301
2021/1/11,1110.03161
2021/1/12,1086.314767
2021/1/13,1062.310337
2021/1/14,1159.327251
2021/1/15,1201.538805
2021/1/16,1208.744395
2021/1/17,1226.149951
2021/1/18,1225.69034
2021/1/19,1328.883562
2021/1/20,1344.909106
2021/1/21,1267.398599
2021/1/22,1183.550964
2021/1/23,1243.957513
2021/1/24,1313.477007
2021/1/25,1398.747006
2021/1/26,1334.257425
2021/1/27,1290.581263
2021/1/28,1302.000208
2021/1/29,1347.571716
2021/1/30,1373.845687
2021/1/31,1345.391567
2021/2/1,1318.102943
2021/2/2,1432.014629
2021/2/3,1567.798459
2021/2/4,1634.93185
2021/2/5,1671.058782
2021/2/6,1688.241738
2021/2/7,1605.020254
2021/2/8,1660.303005
2021/2/9,1747.784557
2021/2/10,1778.960392
2021/2/11,1753.753951
2021/2/12,1793.016228
2021/2/13,1849.875555
2021/2/14,1823.920503
2021/2/15,1777.639325
2021/2/16,1783.459053
2021/2/17,1797.69348
2021/2/18,1908.260023
2021/2/19,1923.724081
2021/2/20,1993.801376
2021/2/21,1947.444948
2021/2/22,1816.29244
2021/2/23,1540.142033
2021/2/24,1633.327822
2021/2/25,1610.962958
2021/2/26,1483.518023
2021/2/27,1497.128575
2021/2/28,1396.334163
2021/3/1,1479.236957
2021/3/2,1550.04289
2021/3/3,1567.916298
2021/3/4,1587.652522
2021/3/5,1488.273419
2021/3/6,1570.024326
2021/3/7,1666.145953
2021/3/8,1725.462364
2021/3/9,1835.207949
2021/3/10,1823.999598
2021/3/11,1791.202265
2021/3/12,1781.673549
2021/3/13,1840.080108
2021/3/14,1886.006467
2021/3/15,1813.063776
2021/3/16,1774.886886
2021/3/17,1800.429567
2021/3/18,1815.828863
2021/3/19,1806.851047
2021/3/20,1841.440716
2021/3/21,1792.913614
2021/3/22,1776.60292
2021/3/23,1694.806511
2021/3/24,1701.118991
2021/3/25,1695.577106
2021/3/26,1596.640985
2021/3/27,1631.580266
2021/3/28,1631.580266
2021/3/29,1688.396247
2021/3/30,1723.113186
2021/3/31,1855.114144
2021/4/1,1947.274409
2021/4/2,2024.195584
2021/4/3,2091.498358
2021/4/4,2064.78612
2021/4/5,2036.480838
2021/4/6,2080.095472
2021/4/7,2029.484329
2021/4/8,2030.22667
2021/4/9,2077.195388
2021/4/10,2134.56898
2021/4/11,2143.564124
2021/4/12,2156.229812
2021/4/13,2214.637561
2021/4/14,2338.439256
2021/4/15,2459.645472
2021/4/16,2444.356484
2021/4/17,2431.895829
2021/4/18,2218.2643
2021/4/19,2207.97618
2021/4/20,2173.459336
2021/4/21,2360.91207
2021/4/22,2496.896339
2021/4/23,2284.509825
2021/4/24,2286.203246
2021/4/25,2263.418274
2021/4/26,2456.613075
2021/4/27,2574.359833
2021/4/28,2688.177749
2021/4/29,2747.882264
2021/4/30,2758.340471
2021/5/1,2848.508427
2021/5/2,2940.415929
2021/5/3,3164.681816
2021/5/4,3342.325658
2021/5/5,3368.815237
2021/5/6,3492.882473
2021/5/7,3489.443734
2021/5/8,3640.847089
2021/5/9,3887.974499
2021/5/10,4069.175837
2021/5/11,4092.632725
2021/5/12,4162.827897
2021/5/13,3929.574924
2021/5/14,3949.268328
2021/5/15,3947.034864
2021/5/16,3756.477187
2021/5/17,3370.915561
2021/5/18,3437.209179
2021/5/19,3302.680253
2021/5/20,2656.723333
2021/5/21,2611.554427
2021/5/22,2361.51219
2021/5/23,2153.149647
2021/5/24,2349.482012
2021/5/25,2621.664292
2021/5/26,2729.866689
2021/5/27,2744.521763
2021/5/28,2577.976137
2021/5/29,2436.931283
2021/5/30,2345.968579
2021/5/31,2466.521729
2021/6/1,2593.622209
2021/6/2,2656.855773
2021/6/3,2748.944583
2021/6/4,2694.961341
2021/6/5,2714.368024
2021/6/6,2650.51842
2021/6/7,2731.52375
2021/6/8,2555.837973
2021/6/9,2528.853197
2021/6/10,2563.480817
2021/6/11,2496.722674
2021/6/12,2450.515
2021/6/13,2430.118014
2021/6/14,2468.992341
2021/6/15,2575.813014
2021/6/16,2490.899365
2021/6/17,2417.410906
2021/6/18,2343.748664
2021/6/19,2215.459278
2021/6/20,2219.274167
2021/6/21,2181.380292
2021/6/22,1939.924864
2021/6/23,1888.881667
2021/6/24,1973.995833
2021/6/25,2012.7
2021/6/26,1983.709225
2021/6/27,1907.336861
2021/6/28,1991.80553
2021/6/29,2126.44684
2021/6/30,2134.53646
2021/7/1,2104.59
2021/7/2,2097.40134
2021/7/3,2126.033081
2021/7/4,2292.620158
2021/7/5,2322.764004
2021/7/6,2328.822865
2021/7/7,2358.774745
2021/7/8,2206.916244
2021/7/9,2130.485526
2021/7/10,2122.318246
2021/7/11,2127.194702
2021/7/12,2112.241636
2021/7/13,2006.273967
2021/7/14,1956.567788
2021/7/15,1955.743838
2021/7/16,1913.891239
2021/7/17,1891.072159
2021/7/18,1935.870699
2021/7/19,1856.198512
2021/7/20,1776.659437
2021/7/21,1875.434892
2021/7/22,1998.246225
2021/7/23,2068.494707
2021/7/24,2127.109728
2021/7/25,2158.515823
2021/7/26,2309.316105
2021/7/27,2238.700011
2021/7/28,2295.490738
2021/7/29,2307.376437
2021/7/30,2405.689239
2021/7/31,2455.368472
2021/8/1,2597.125884
2021/8/2,2633.306135
2021/8/3,2638.93
2021/8/4,2638.93
2021/8/5,2638.93
2021/8/6,2638.93
2021/8/7,2880.601886
2021/8/8,3078.322862
2021/8/9,3057.420381
2021/8/10,3110.39965
2021/8/11,3195.261157
2021/8/12,3123.894277
2021/8/13,3195.072381
2021/8/14,3254.891952
2021/8/15,3257.155146
2021/8/16,3246.050411
2021/8/17,3161.634932
2021/8/18,3044.348635
2021/8/19,3034.065302
2021/8/20,3212.005897
2021/8/21,3259.498196
2021/8/22,3222.77875
2021/8/23,3315.386025
2021/8/24,3277.571123
2021/8/25,3176.45827
2021/8/26,3189.16118
2021/8/27,3174.155747
2021/8/28,3252.430047
2021/8/29,3232.765742
2021/8/30,3200.789099
2021/8/31,3311.78931
2021/9/1,3573.711947
2021/9/2,3768.635411
2021/9/3,3890.069975
2021/9/4,3911.757793
2021/9/5,3896.551483
2021/9/6,3932.463748
2021/9/7,3722.889526
2021/9/8,3410.894239
2021/9/9,3499.536623
2021/9/10,3394.063793
2021/9/11,3267.023645
2021/9/12,3357.080305
2021/9/13,3332.932628
2021/9/14,3337.739384
2021/9/15,3419.366667
2021/9/16,3422.55
2021/9/17,3421.172286
2021/9/18,3469.773188
2021/9/19,3393.484432
2021/9/20,3132.67987
2021/9/21,3035.76
2021/9/22,3035.76
2021/9/23,3035.76
2021/9/24,3021.341667
2021/9/25,2931.434008
2021/9/26,2962.162449
2021/9/27,3065.885836
2021/9/28,2909.33267
2021/9/29,2890.63932
2021/9/30,2995.902883
2021/10/1,3169.389906
2021/10/2,3343.434471
2021/10/3,3417.916388
2021/10/4,3369.18789
2021/10/5,3435.893419
2021/10/6,3508.346323
2021/10/7,3584.63686
2021/10/8,3610.449269
2021/10/9,3590.450876
2021/10/10,3544.894187
2021/10/11,3550.484343
2021/10/12,3493.024427
2021/10/13,3504.167258
2021/10/14,3699.840811
2021/10/15,3827.065499
2021/10/16,3879.12245
2021/10/17,3839.434755
2021/10/18,3798.410076
2021/10/19,3811.803499
2021/10/20,3964.405676
2021/10/21,4161.00095
2021/10/22,4071.263684
2021/10/23,4063.987793
2021/10/24,4081.558538
2021/10/25,4177.614592
2021/10/26,4223.309517
2021/10/27,4064.278924
2021/10/28,4142.224935
2021/10/29,4388.226133
2021/10/30,4343.267427
2021/10/31,4290.244939
2021/11/1,4313.643563
2021/11/2,4442.403989
2021/11/3,4591.590358
2021/11/4,4550.348898
2021/11/5,4515.499394
2021/11/6,4468.308901
2021/11/7,4594.272655
2021/11/8,4752.883622
2021/11/9,4797.308726
2021/11/10,4754.109236
2021/11/11,4704.671667
2021/11/12,4699.854167
2021/11/13,4658.79926
2021/11/14,4624.179286
2021/11/15,4662.165841
2021/11/16,4315.553949
2021/11/17,4220.768648
2021/11/18,4307.363956
2021/11/19,4147.345379
2021/11/20,4343.420417
2021/11/21,4373.093333
2021/11/22,4173.456318
2021/11/23,4177.918578
2021/11/24,4282.929509
2021/11/25,4355.316476
2021/11/26,4207.709042
2021/11/27,4116.213733
2021/11/28,4087.950781
2021/11/29,4357.451704
2021/11/30,4523.858194
2021/12/1,4692.756227
2021/12/2,4539.028
2021/12/3,4456.387205
2021/12/4,4004.520753
2021/12/5,4140.337793
2021/12/6,4132.286219
2021/12/7,4333.23
2021/12/8,4356.677676
2021/12/9,4289.064996
2021/12/10,4098.164348
2021/12/11,4012.142278
2021/12/12,4063.792239
2021/12/13,3922.2001
2021/12/14,3809.362083
2021/12/15,3879.32
2021/12/16,4036.783985
2021/12/17,3901.604044
2021/12/18,3911.442282
2021/12/19,3947.495274
2021/12/20,3860.678929
2021/12/21,4002.671165
2021/12/22,4014.67282
2021/12/23,3993.954365
2021/12/24,4093.513095
2021/12/25,4072.281866
2021/12/26,4058.273423
2021/12/27,4070.14723
2021/12/28,3897.722457
2021/12/29,3781.945347
2021/12/30,3708.939008
2021/12/31,3732.517314
2022/1/1,3728.245152
2022/1/2,3771.422852
2022/1/3,3795.8827
2022/1/4,3783.495034
2022/1/5,3775.35536
2022/1/6,3470.714007
2022/1/7,3219.948223
2022/1/8,3168.914249
2022/1/9,3138.28991
2022/1/10,3138.762435
2022/1/11,3146.564548
2022/1/12,3294.845327
2022/1/13,3345.624859
2022/1/14,3263.318936
2022/1/15,3330.85605
2022/1/16,3324.910789
2022/1/17,3253.684837
2022/1/18,3161.808906
2022/1/19,3119.0655
2022/1/20,3154.137106
2022/1/21,2791.934964
2022/1/22,2434.33937
2022/1/23,2434.154767
2022/1/24,2325.47505
2022/1/25,2404.884737
2022/1/26,2499.22497
2022/1/27,2433.527083
2022/1/28,2442.903378
2022/1/29,2563.377464
2022/1/30,2600.827827
2022/1/31,2582.658913
2022/2/1,2755.788008
2022/2/2,2734.80858
2022/2/3,2643.644814
2022/2/4,2838.189496
2022/2/5,3012.802656
2022/2/6,3010.119571
2022/2/7,3100.288113
2022/2/8,3112.057726
2022/2/9,3159.536753
2022/2/10,3178.577419
2022/2/11,3052.528872
2022/2/12,2925.460427
2022/2/13,2910.403638
2022/2/14,2893.82043
2022/2/15,3080.036693
2022/2/16,3148.222384
2022/2/17,3019.434857
2022/2/18,2864.632506
2022/2/19,2779.015418
2022/2/20,2655.843371
2022/2/21,2695.771871
2022/2/22,2593.889377
2022/2/23,2644.42549
2022/2/24,2619.338123
2022/2/25,2664.652319
2022/2/26,2795.92875
2022/2/27,2779.472706
2022/2/28,2634.010417
2022/3/1,2886.42125
2022/3/2,2981.942631
2022/3/3,2885.076238
2022/3/4,2715.57
2022/3/5,2649.260833
2022/3/6,2637.243344
2022/3/7,2546.3425
2022/3/8,2551.162083
2022/3/9,2643.305366
2022/3/10,2668.460833
2022/3/11,2592.675417
2022/3/12,2578.932083
2022/3/13,2575.844583
2022/3/14,2560.774583
2022/3/15,2556.822917
2022/3/16,2660.106667
2022/3/17,2749.489167
2022/3/18,2833.114583
2022/3/19,2952.54625
2022/3/20,2902.10125
2022/3/21,2891.66625
2022/3/22,2978.9575
2022/3/23,2967.245833
2022/3/24,3053.117493
2022/3/25,3119.296667
2022/3/26,3123.874583
2022/3/27,3160.644583
2022/3/28,3330.612917
2022/3/29,3404.928333
2022/3/30,3380.1475
2022/3/31,3375.780417
2022/4/1,3326.45
2022/4/2,3489.110417
2022/4/3,3502.221667
2022/4/4,3478.482083
2022/4/5,3496.293333
2022/4/6,3328.393333
2022/4/7,3215.414167
2022/4/8,3260.081032
2022/4/9,3208.122917
2022/4/10,3264.190833
2022/4/11,3167.70625
2022/4/12,3015.125833
2022/4/13,3063.226225
2022/4/14,3071.839583
2022/4/15,3026.27625
2022/4/16,3039.09625
2022/4/17,3072.695417
2022/4/18,2974.13875
2022/4/19,3049.677083
2022/4/20,3085.434666
2022/4/21,3101.483299
2022/4/22,2986.793084
2022/4/23,2957.59391
2022/4/24,2942.653
2022/4/25,2894.420033
2022/4/26,2936.533501
2022/4/27,2865.456493
2022/4/28,2914.510152
2022/4/29,2867.288018
2022/4/30,2811.213339
2022/5/1,2778.899042
2022/5/2,2833.848316
2022/5/3,2821.533307
2022/5/4,2855.763843
2022/5/5,2857.581755
2022/5/6,2709.932981
2022/5/7,2675.158737
2022/5/8,2552.228483
2022/5/9,2397.628152
2022/5/10,2358.877573
2022/5/11,2268.855171
2022/5/12,1948.987234
2022/5/13,2072.52621
2022/5/14,2017.072872
2022/5/15,2064.686716
2022/5/16,2036.069522
2022/5/17,2068.686467
2022/5/18,2008.854652
2022/5/19,1972.071325
2022/5/20,2005.168609
2022/5/21,1969.086559
2022/5/22,2002.087955
2022/5/23,2039.878866
2022/5/24,1966.839165
2022/5/25,1982.234184
2022/5/26,1870.600646
2022/5/27,1759.818758
2022/5/28,1770.78295
2022/5/29,1791.958484
2022/5/30,1907.602356
2022/5/31,1965.33884
2022/6/1,1897.150465
2022/6/2,1821.681054
2022/6/3,1787.234186
2022/6/4,1772.204699
2022/6/5,1798.172913
2022/6/6,1875.963177
2022/6/7,1760.250005
2022/6/8,1771.412561
2022/6/9,1797.868092
2022/6/10,1738.432642
2022/6/11,1593.064782
2022/6/12,1479.731051
2022/6/13,1253.332019
2022/6/14,1194.0914
2022/6/15,1143.205775
2022/6/16,1139.241351
2022/6/17,1087.226381
2022/6/18,1004.821207
2022/6/19,1030.192866
2022/6/20,1108.011543
2022/6/21,1144.691752
2022/6/22,1083.731457
2022/6/23,1104.257327
2022/6/24,1183.928145
2022/6/25,1216.35762
2022/6/26,1234.32883
2022/6/27,1208.241173
2022/6/28,1188.998453
2022/6/29,1120.659414
2022/6/30,1048.134722
2022/7/1,1034.03
2022/7/2,1034.03
2022/7/3,1034.03
2022/7/4,1034.03
2022/7/5,1063.850281
2022/7/6,1143.12223
2022/7/7,1200.827313
2022/7/8,1233.214682
2022/7/9,1218.086969
2022/7/10,1181.963219
2022/7/11,1142.226292
2022/7/12,1069.494221
2022/7/13,1067.490779
2022/7/14,1128.49006
2022/7/15,1219.927743
2022/7/16,1258.504871
2022/7/17,1351.707367
2022/7/18,1461.311995
2022/7/19,1544.148013
2022/7/20,1559.733426
2022/7/21,1521.696739
2022/7/22,1581.744242
2022/7/23,1543.437885
2022/7/24,1593.49196
2022/7/25,1520.789819
2022/7/26,1402.525475
2022/7/27,1498.3826
2022/7/28,1671.334104
2022/7/29,1716.52073
2022/7/30,1711.681347
2022/7/31,1703.07085
2022/8/1,1664.148873
2022/8/2,1611.06719
2022/8/3,1640.786998
2022/8/4,1619.917556
2022/8/5,1672.554241
2022/8/6,1718.369513
2022/8/7,1694.706176
2022/8/8,1758.55025
2022/8/9,1729.359087
2022/8/10,1758.584593
2022/8/11,1892.511817
2022/8/12,1897.843158
2022/8/13,1985.142903
2022/8/14,1974.412698
2022/8/15,1920.754368
2022/8/16,1883.848382
2022/8/17,1870.81649
2022/8/18,1856.510257
2022/8/19,1731.107921
2022/8/20,1616.655267
2022/8/21,1607.551326
2022/8/22,1581.305953
2022/8/23,1624.863026
2022/8/24,1650.551357
2022/8/25,1696.507917
2022/8/26,1629.669583
2022/8/27,1492.312917
2022/8/28,1486.78125
2022/8/29,1485.520417
2022/8/30,1554.798333
2022/8/31,1577.539583
2022/9/1,1557.77125
2022/9/2,1593.76875
2022/9/3,1557.230833
2022/9/4,1559.592083
2022/9/5,1580.457083
2022/9/6,1633.964583
2022/9/7,1546.650833
2022/9/8,1630.315833
2022/9/9,1697.855
2022/9/10,1730.459583
2022/9/11,1765.440833
2022/9/12,1732.045417
2022/9/13,1662.403666
2022/9/14,1599.369167
2022/9/15,1563.0975
2022/9/16,1455.637083
2022/9/17,1443.018333
2022/9/18,1420.51
2022/9/19,1332.295
2022/9/20,1354.264583
2022/9/21,1327.57375
2022/9/22,1285.12875
2022/9/23,1314.994583
2022/9/24,1329.802917
2022/9/25,1315.06
2022/9/26,1312.3225
2022/9/27,1361.872137
2022/9/28,1309.751667
2022/9/29,1331.594583
2022/9/30,1337.382917
2022/10/1,1323.12125
2022/10/2,1302.7325
2022/10/3,1303.308965
2022/10/4,1344.817396
2022/10/5,1347.454167
2022/10/6,1363.908333
2022/10/7,1345.236878
2022/10/8,1327.107208
2022/10/9,1319.13375
2022/10/10,1313.5025
2022/10/11,1283.067083
2022/10/12,1295.063767
2022/10/13,1272.21061
2022/10/14,1315.847128
2022/10/15,1287.568302
2022/10/16,1287.76875
2022/10/17,1317.37875
2022/10/18,1321.149583
2022/10/19,1299.5875
2022/10/20,1290.364167
2022/10/21,1289.39625
2022/10/22,1306.264167
2022/10/23,1318.8675
2022/10/24,1345.056667
2022/10/25,1388.52043
2022/10/26,1526.744167
2022/10/27,1550.07878
2022/10/28,1526.202083
2022/10/29,1607.959167
2022/10/30,1603.731667
2022/10/31,1582.4375
2022/11/1,1584.822083
2022/11/2,1561.37625
2022/11/3,1542.7825
2022/11/4,1595.937917
2022/11/5,1641.21875
2022/11/6,1617.28375
2022/11/7,1581.75625
2022/11/8,1461.21125
2022/11/9,1238.536667
2022/11/10,1230.642083
2022/11/11,1270.29215
2022/11/12,1265.138078
2022/11/13,1239.567117
2022/11/14,1229.045391
2022/11/15,1259.6938
2022/11/16,1230.4975
2022/11/17,1206.07125
2022/11/18,1214.256667
2022/11/19,1210.514167
2022/11/20,1193.126667
2022/11/21,1123.622083
2022/11/22,1111.68125
2022/11/23,1162.368333
2022/11/24,1199.429583
2022/11/25,1189.794167
2022/11/26,1215.346667
2022/11/27,1214.92
2022/11/28,1172.205417
2022/11/29,1205.213333
2022/11/30,1274.108333
2022/12/1,1282.587083
2022/12/2,1281.885
2022/12/3,1275.782083
2022/12/4,1262.605
2022/12/5,1280.695417
2022/12/6,1259.187083
2022/12/7,1240.14875
2022/12/8,1246.769167
2022/12/9,1276.858333
2022/12/10,1267.680833
2022/12/11,1271.590417
2022/12/12,1254.12
2022/12/13,1294.495
2022/12/14,1323.818333
2022/12/15,1282.059583
2022/12/16,1227.9125
2022/12/17,1177.644583
2022/12/18,1183.64875
2022/12/19,1181.151667
2022/12/20,1206.144583
2022/12/21,1212.59375
2022/12/22,1209.499583
2022/12/23,1220.141667
2022/12/24,1219.91125
2022/12/25,1217.285
2022/12/26,1218.859583
2022/12/27,1217.927917
2022/12/28,1196.9275
2022/12/29,1196.785417
2022/12/30,1195.163333
2022/12/31,1198.3775
2023/1/1,1197.18125
2023/1/2,1211.82
2023/1/3,1213.76875
2023/1/4,1248.913333
2023/1/5,1251.792083
2023/1/6,1255.085417
2023/1/7,1265.265417
2023/1/8,1266.09
2023/1/9,1318.18875
2023/1/10,1330.590833
2023/1/11,1336.003333
2023/1/12,1404.418333
2023/1/13,1416.5225
2023/1/14,1535.4625
2023/1/15,1536.24
2023/1/16,1562.062917
2023/1/17,1571.714583
2023/1/18,1566.23125
2023/1/19,1532.343333
2023/1/20,1573.798333
2023/1/21,1653.395833
2023/1/22,1631.397917
2023/1/23,1631.393333
2023/1/24,1622.938333
2023/1/25,1556.73625
2023/1/26,1608.87125
2023/1/27,1585.4525
2023/1/28,1585.174583
2023/1/29,1611.44
2023/1/30,1599.70625
2023/1/31,1578.137917
2023/2/1,1590.386667
2023/2/2,1669.543377
2023/2/3,1650.106638
2023/2/4,1668.307083
2023/2/5,1651.635417
2023/2/6,1633.91
2023/2/7,1642.38625
2023/2/8,1665.358623
2023/2/9,1621.169314
2023/2/10,1536.20729
2023/2/11,1521.518478
2023/2/12,1532.65079
2023/2/13,1497.6175
2023/2/14,1523.442083
2023/2/15,1579.64625
2023/2/16,1689.119583
2023/2/17,1672.882083
2023/2/18,1693.434167
2023/2/19,1694.74125
2023/2/20,1695.77375
2023/2/21,1681.658333
2023/2/22,1633.925603
2023/2/23,1656.441667
2023/2/24,1631.664583
2023/2/25,1596.9375
2023/2/26,1608.947917
2023/2/27,1637.190417
2023/2/28,1630.32
2023/3/1,1645.73
2023/3/2,1641.853162
2023/3/3,1573.992917
2023/3/4,1569.001667
2023/3/5,1571.712083
2023/3/6,1566.532083
2023/3/7,1564.842917
2023/3/8,1556.892917
2023/3/9,1520.33
2023/3/10,1412.902083
2023/3/11,1446.66625
2023/3/12,1488.112083
2023/3/13,1629.195833
2023/3/14,1704.655
2023/3/15,1677.934814
2023/3/16,1666.120833
2023/3/17,1733.392917
2023/3/18,1812.064583
2023/3/19,1799.806667
2023/3/20,1777.463333
2023/3/21,1783.563333
2023/3/22,1794.382083
2023/3/23,1784.655417
2023/3/24,1790.977083
2023/3/25,1757.948333
2023/3/26,1770.296667
2023/3/27,1746.057083
2023/3/28,1738.87375
2023/3/29,1801.170833
2023/3/30,1794.998333
2023/3/31,1811.615417
2023/4/1,1825.150417
2023/4/2,1810.995417
2023/4/3,1799.4375
2023/4/4,1843.983333
2023/4/5,1907.00125
2023/4/6,1879.545417
2023/4/7,1863.2175
2023/4/8,1866.277917
2023/4/9,1848.029583
2023/4/10,1869.924583
2023/4/11,1913.09125
2023/4/12,1891.760833
2023/4/13,1968.289167
2023/4/14,2098.299167
2023/4/15,2097.08625
2023/4/16,2100.250833
2023/4/17,2087.98125
2023/4/18,2092.855833
2023/4/19,2017.935
2023/4/20,1949.7175
2023/4/21,1906.676667
2023/4/22,1862.561667
2023/4/23,1863.948333
2023/4/24,1850.079583
2023/4/25,1834.21125
2023/4/26,1894.547917
2023/4/27,1901.438333
2023/4/28,1902.68625
2023/4/29,1902.222917
2023/4/30,1907.759167
2023/5/1,1842.799583
2023/5/2,1844.377917
2023/5/3,1868.458333
2023/5/4,1893.988333
2023/5/5,1933.02125
2023/5/6,1930.8525
2023/5/7,1909.645
2023/5/8,1857.34875
2023/5/9,1844.28875
2023/5/10,1849.224583
2023/5/11,1814.770417
2023/5/12,1776.596667
2023/5/13,1802.306667
2023/5/14,1803.257917
2023/5/15,1825.398333
2023/5/16,1817.61125
2023/5/17,1814.1875
2023/5/18,1814.947083
2023/5/19,1810.302917
2023/5/20,1815.196667
2023/5/21,1813.392917
2023/5/22,1812.52125
2023/5/23,1850.6825
2023/5/24,1813.764167
2023/5/25,1794.490417
2023/5/26,1818.83625
2023/5/27,1828.098333
2023/5/28,1852.660833
2023/5/29,1899.695833
2023/5/30,1903.109583
2023/5/31,1872.325
2023/6/1,1865.42125
2023/6/2,1889.543333
2023/6/3,1899.68875
2023/6/4,1900.680417
2023/6/5,1850.64625
2023/6/6,1835.504167
2023/6/7,1860.243333
2023/6/8,1843.859583
2023/6/9,1841.4275
2023/6/10,1763.825833
2023/6/11,1753.6
2023/6/12,1741.004583
2023/6/13,1743.52125
2023/6/14,1727.712917
2023/6/15,1647.348333
2023/6/16,1681.269583
2023/6/17,1731.749583
2023/6/18,1731.299167
2023/6/19,1725.650833
2023/6/20,1744.279583
2023/6/21,1837.633333
2023/6/22,1897.887917
2023/6/23,1888.918333
2023/6/24,1887.48
2023/6/25,1900.003333
2023/6/26,1874.705
2023/6/27,1879.689167
2023/6/28,1856.81625
2023/6/29,1850.474167
2023/6/30,1889.65
2023/7/1,1921.48125
2023/7/2,1918.295417
2023/7/3,1956.834167
2023/7/4,1952.379583
2023/7/5,1921.824583
2023/7/6,1903.663333
2023/7/7,1861.45125
2023/7/8,1860.802917
2023/7/9,1867.6425
2023/7/10,1867.184583
2023/7/11,1875.470833
2023/7/12,1883.744167
2023/7/13,1910.863333
2023/7/14,1983.49
2023/7/15,1934.5875
2023/7/16,1931.820833
2023/7/17,1915.697982
2023/7/18,1901.617083
2023/7/19,1906.117083
2023/7/20,1900.381667
2023/7/21,1893.345
2023/7/22,1889.63375
2023/7/23,1877.8175
2023/7/24,1858.68125
2023/7/25,1855.090833
2023/7/26,1860.419583
2023/7/27,1871.190417
2023/7/28,1868.015
2023/7/29,1875.285757
2023/7/30,1874.056224
2023/7/31,1863.82
2023/8/1,1837.617917
2023/8/2,1851.57875
2023/8/3,1837.927083
2023/8/4,1835.060833
2023/8/5,1830.443333
2023/8/6,1830.706667
2023/8/7,1828.47
2023/8/8,1839.900833
2023/8/9,1856.03875
2023/8/10,1850.994583
2023/8/11,1846.504167
2023/8/12,1848.35125
2023/8/13,1848.54
2023/8/14,1844.848333
2023/8/15,1838.035417
2023/8/16,1821.552083
2023/8/17,1766.852083
2023/8/18,1674.74625
2023/8/19,1665.310833
2023/8/20,1672.023333
2023/8/21,1671.831667
2023/8/22,1652.211667
2023/8/23,1654.1575
2023/8/24,1663.861667
2023/8/25,1653.104583
2023/8/26,1648.957917
2023/8/27,1651.188333
2023/8/28,1646.711667
2023/8/29,1679.332083
2023/8/30,1712.35375
2023/8/31,1688.044167
2023/9/1,1637.864167
2023/9/2,1634.314583
2023/9/3,1634.745
2023/9/4,1632.09125
2023/9/5,1628.82625
2023/9/6,1630.39875
2023/9/7,1634.941667
2023/9/8,1636.50875
2023/9/9,1633.3775
2023/9/10,1622.949167
2023/9/11,1583.940417
2023/9/12,1588.177917
2023/9/13,1596.543333
2023/9/14,1623.333333
2023/9/15,1626.229583
2023/9/16,1635.539167
2023/9/17,1627.436667
2023/9/18,1638.582083
2023/9/19,1641.444583
2023/9/20,1630.667917
2023/9/21,1600.745417
2023/9/22,1592.61375
2023/9/23,1592.94
2023/9/24,1591.487083
2023/9/25,1580.421667
2023/9/26,1587.787083
2023/9/27,1598.659583
2023/9/28,1628.723333
2023/9/29,1663.641667
2023/9/30,1674.2675
2023/10/1,1682.347917
2023/10/2,1706.94875
2023/10/3,1658.824167
2023/10/4,1642.005
2023/10/5,1632.573333
2023/10/6,1632.002917
2023/10/7,1638.72
2023/10/8,1630.855
2023/10/9,1601.739583
2023/10/10,1576.69125
2023/10/11,1562.76
2023/10/12,1546.770833
2023/10/13,1545.204167
2023/10/14,1551.710833
2023/10/15,1555.181667
2023/10/16,1578.452083
2023/10/17,1579.014583
2023/10/18,1570.307917
2023/10/19,1556.711667
2023/10/20,1596.920833
2023/10/21,1612.13375
2023/10/22,1634.151667
2023/10/23,1688.981667
2023/10/24,1802.465833
2023/10/25,1788.132917
2023/10/26,1804.519167
2023/10/27,1781.89625
2023/10/28,1785.31625
2023/10/29,1787.30875
2023/10/30,1801.4175
2023/10/31,1802.48
2023/11/1,1813.079167
2023/11/2,1826.160417
2023/11/3,1800.865833
2023/11/4,1836.93875
2023/11/5,1880.289583
2023/11/6,1889.84625
2023/11/7,1883.581667
2023/11/8,1886.009167
2023/11/9,1956.301667
2023/11/10,2097.469167
2023/11/11,2060.081667
2023/11/12,2049.057083
2023/11/13,2062.057083
2023/11/14,2032.274583
2023/11/15,2005.289167
2023/11/16,2024.107083
2023/11/17,1957.916667
2023/11/18,1941.588056
