DATE,USER --> DEX,USER --> CEX,Net User,Amount --> DEX,Amount --> CEX,Net Amount ETH,Amount $ --> DEX,Amount $ --> CEX,Net Amount $
2021/1/1,1,2,1,13.59962961,14.24883079,0.649201177,10005.69467,10483.70577,478.0110995
2021/1/2,2,2,0,37.36088418,23.64685212,-13.71403206,27996.67276,17517.57043,-10479.10232
2021/1/3,2,5,3,18.9,17.80456256,-1.095437441,15606.5452,14385.68998,-1220.855222
2021/1/5,4,5,1,51.31999946,45.40919727,-5.910802193,54791.55036,48785.42981,-6006.12055
2021/1/6,5,7,2,58.0934729,41.73763728,-16.35583562,66770.16451,47707.20033,-19062.96419
2021/1/7,3,4,1,70.42439709,72.95284055,2.528443462,86184.35177,89604.19512,3419.843356
2021/1/8,3,5,2,107.3068316,110.1986445,2.891812932,128977.6635,132498.4209,3520.757366
2021/1/9,3,5,2,84.52438441,85.63291136,1.108526946,102771.5606,104235.346,1463.785439
2021/1/10,3,5,2,71.87310612,73.28992043,1.416814311,94798.08476,96738.51834,1940.433581
2021/1/11,6,6,0,45.35901042,39.37318751,-5.985822909,53087.08879,46412.16533,-6674.923462
2021/1/12,1,5,4,150.8056886,163.6683004,12.86261179,162816.8002,177118.5714,14301.77123
2021/1/13,3,3,0,23.68979718,21.15093778,-2.538859408,25271.77676,22532.64691,-2739.129848
2021/1/14,3,4,1,113.7321763,88.38033796,-25.35183838,132965.0809,103311.8435,-29653.23739
2021/1/15,4,6,2,89.95382796,96.88587972,6.932051758,106959.702,115215.123,8255.421006
2021/1/16,3,5,2,129.1620312,100.5126513,-28.64937988,156353.0663,121155.3985,-35197.66783
2021/1/17,3,6,3,119.169238,127.3875729,8.218334895,146767.9011,157021.8395,10253.93832
2021/1/18,5,8,3,150.3450878,161.6502281,11.30514033,184597.2758,198520.7204,13923.44466
2021/1/19,4,4,0,86.51272237,99.91293676,13.40021439,111740.2428,126763.4805,15023.2376
2021/1/20,3,8,5,129.1239054,145.074564,15.95065862,173682.268,195276.5411,21594.27313
2021/1/21,5,7,2,123.0484103,133.9550513,10.90664106,155707.0455,170754.5639,15047.51838
2021/1/22,2,3,1,122.1717426,120.1722828,-1.999459805,149471.6955,147007.4595,-2464.235945
2021/1/23,3,7,4,142.9451477,152.7193402,9.774192508,178024.0754,190170.5453,12146.46994
2021/1/24,4,8,4,240.7479432,254.6379295,13.88998629,314143.924,332087.7493,17943.82532
2021/1/25,5,7,2,202.9091567,213.6529333,10.74377661,285734.3295,300653.5298,14919.20036
2021/1/26,2,7,5,204.8192958,216.5498649,11.7305691,273460.5523,289181.2972,15720.74483
2021/1/27,6,7,1,186.28663,195.1723095,8.885679516,242987.1463,253481.9795,10494.83318
2021/1/28,1,3,2,68.38073681,63.40643967,-4.974297141,88829.06643,82395.52792,-6433.538518
2021/1/29,4,7,3,101.2131376,99.72521183,-1.487925762,137109.8448,135305.0512,-1804.793626
2021/1/30,3,7,4,165.3076528,168.6606976,3.353044807,227126.7034,231745.2246,4618.521186
2021/1/31,4,7,3,207.0514787,204.5579074,-2.493571291,277163.3078,273901.2488,-3262.059028
2021/2/1,2,5,3,158.454934,165.7833618,7.328427848,208702.2516,218366.3367,9664.085079
2021/2/2,2,7,5,147.6898175,160.6417612,12.95194366,209808.4808,227571.1993,17762.71848
2021/2/3,12,13,1,282.1267192,276.3525823,-5.774136898,441829.7841,432423.1868,-9406.597319
2021/2/4,1,4,3,96.33253265,100.0091083,3.676575679,158594.7156,164780.1088,6185.393134
2021/2/5,4,6,2,174.8938921,183.2412847,8.34739255,291883.6205,305549.4929,13665.87239
2021/2/6,2,5,3,114.0745278,125.3000717,11.2255439,192618.4704,211522.4389,18903.96847
2021/2/7,4,6,2,144.8923772,146.9212088,2.02883161,230063.6451,233307.8108,3244.165641
2021/2/8,2,5,3,91.67442955,98.91401205,7.2395825,148836.2464,161475.7207,12639.47427
2021/2/9,5,7,2,224.4784026,233.1857748,8.707372239,393147.1979,408478.0168,15330.81882
2021/2/10,2,6,4,91.5217777,104.6497615,13.12798383,162897.5253,186667.1976,23769.67238
2021/2/11,2,5,3,197.7919584,198.1906313,0.398672892,345810.7091,346532.6398,721.9306977
2021/2/12,4,4,0,255.2196222,255.1257293,-0.093892908,460863.4499,461122.8204,259.3705415
2021/2/13,3,8,5,304.6287503,318.1182288,13.48947851,562008.9084,587002.12,24993.21159
2021/2/14,3,8,5,220.1644098,236.8529402,16.68853044,400780.7266,431225.2319,30444.50535
2021/2/15,5,6,1,209.7415001,216.6758807,6.934380592,375462.1885,387973.7063,12511.5178
2021/2/16,3,4,1,158.2763723,155.9233169,-2.353055431,280877.7854,276857.1888,-4020.596517
2021/2/17,4,7,3,238.8439888,257.4139359,18.56994708,428411.1023,461542.8762,33131.77389
2021/2/18,4,8,4,165.4213695,170.5838539,5.162484334,316000.3112,325765.8908,9765.579617
2021/2/19,2,6,4,106.9942238,110.8794162,3.885192432,206115.4623,213601.1726,7485.710289
2021/2/20,3,5,2,132.7679726,190.488208,57.72023542,265110.7602,379964.6413,114853.8811
2021/2/21,5,8,3,328.3967923,516.8035475,188.4067552,638470.3581,1005439.531,366969.1729
2021/2/22,3,7,4,193.5327189,384.0605327,190.5278139,352916.4377,690399.2662,337482.8285
2021/2/23,2,4,2,66.97198011,463.8069622,396.8349821,108253.1754,736867.1201,628613.9447
2021/2/24,5,9,4,269.9212971,426.2572202,156.3359231,442664.0716,698097.2529,255433.1813
2021/2/25,3,8,5,323.3161112,386.6341298,63.31801856,524079.1639,624982.372,100903.208
2021/2/26,3,6,3,42.06953807,158.4815072,116.4119691,63670.10638,235161.9261,171491.8197
2021/2/27,3,8,5,151.5098248,196.304957,44.79513226,226092.069,292781.3526,66689.28359
2021/2/28,5,8,3,180.5353065,159.3879677,-21.1473388,257168.9807,226508.0342,-30660.94646
2021/3/1,5,9,4,294.3490991,404.604992,110.2558929,440888.3079,603422.9165,162534.6086
2021/3/2,6,9,3,226.6798061,322.9426797,96.26287367,353925.0949,504927.4366,151002.3417
2021/3/3,3,7,4,160.2562829,174.6075548,14.35127185,254444.3338,277282.2458,22837.91196
2021/3/4,3,5,2,200.0831835,209.8305315,9.747347968,315437.0467,330746.7868,15309.74011
2021/3/5,3,9,6,473.3497134,501.0754201,27.72570666,703812.6268,745034.3934,41221.76657
2021/3/6,2,9,7,252.021399,261.5396011,9.51820209,394825.0184,409898.7555,15073.73708
2021/3/7,5,8,3,247.8493747,257.9041352,10.0547605,413414.4914,430141.8333,16727.34189
2021/3/8,4,7,3,333.5422625,341.5342293,7.991966761,584590.4939,598481.5869,13891.09293
2021/3/9,2,8,6,523.4950094,576.6336741,53.13866476,959202.3348,1056833.04,97630.70528
2021/3/10,6,8,2,329.1812823,345.4056333,16.22435102,603462.7807,633365.9698,29903.18913
2021/3/11,24,24,0,360.9935573,371.8921756,10.89861832,648356.0571,668088.3359,19732.27879
2021/3/12,17,19,2,217.5320134,226.3139467,8.781933248,386959.8585,402302.8617,15343.00315
2021/3/13,18,17,-1,230.4329743,240.9068473,10.473873,431242.2594,450540.9142,19298.65478
2021/3/14,23,22,-1,249.9098808,243.5347155,-6.375165383,469361.5335,457153.1691,-12208.36437
2021/3/15,26,25,-1,406.9258913,420.6112898,13.68539849,739804.3401,764340.9016,24536.56155
2021/3/16,20,19,-1,396.4176988,417.5980804,21.1803816,703216.6364,740847.2631,37630.62667
2021/3/17,16,17,1,199.6486286,207.6933269,8.044698341,359554.3217,373862.2765,14307.95489
2021/3/18,16,17,1,221.1984052,340.2761816,119.0777764,402263.0405,621046.6551,218783.6146
2021/3/19,21,19,-2,293.7164081,302.1788895,8.462481386,528734.6718,543932.6774,15198.00559
2021/3/20,17,18,1,217.4108447,1709.381083,1491.970238,401023.4466,3163778.431,2762754.984
2021/3/21,16,17,1,316.8640239,329.1878438,12.32381983,567583.4004,589472.2957,21888.89531
2021/3/22,15,18,3,263.6136176,281.830435,18.21681742,468276.8392,500739.4497,32462.61058
2021/3/23,14,14,0,208.0620398,212.0887076,4.026667761,353960.0517,360301.0505,6340.998782
2021/3/24,15,17,2,254.246244,273.2956917,19.04944771,433081.3032,465521.4303,32440.12707
2021/3/25,8,9,1,95.37338377,98.40932684,3.035943066,162570.7326,167745.714,5174.981414
2021/3/26,14,15,1,165.3486735,171.3174217,5.968748209,264002.4688,273532.4169,9529.948018
2021/3/27,15,14,-1,225.9675123,237.8924904,11.92497811,368684.1337,388140.6927,19456.55895
2021/3/28,14,12,-2,172.6209449,176.9647795,4.34383459,281644.9271,288732.2419,7087.314796
2021/3/29,17,16,-1,208.7990804,219.7681047,10.9690243,355305.6567,375001.1336,19695.47686
2021/3/30,17,15,-2,211.9672442,221.649908,9.6826638,362843.6341,379418.3315,16574.69735
2021/3/31,11,13,2,111.4273407,114.1023775,2.675036736,207744.0528,212867.7417,5123.688952
2021/4/1,20,21,1,377.1519196,395.501537,18.34961731,735602.4607,771505.7459,35903.28518
2021/4/2,14,16,2,243.0146855,237.6747076,-5.339977847,496744.5784,485698.4654,-11046.11299
2021/4/3,22,22,0,358.5914497,376.5103134,17.91886379,750946.9072,788081.0061,37134.09887
2021/4/4,16,17,1,242.2612139,251.9542262,9.69301235,499730.6227,519058.7405,19328.1178
2021/4/5,18,19,1,366.7040982,376.3095026,9.605404366,749044.5533,769243.7485,20199.19525
2021/4/6,16,20,4,259.9324211,270.6470311,10.71461004,542812.1135,565072.6235,22260.51
2021/4/7,15,19,4,289.3462601,312.0369413,22.6906812,585329.6114,631074.5089,45744.89756
2021/4/8,16,18,2,211.9818845,230.0234026,18.04151803,431314.2462,467888.5563,36574.31016
2021/4/9,13,14,1,139.5315991,145.0108539,5.479254775,289506.6045,300867.8999,11361.29543
2021/4/10,13,12,-1,188.3685999,186.9550852,-1.413514755,401989.4241,398509.7144,-3479.709692
2021/4/11,11,12,1,116.5811844,112.5746949,-4.006489552,250324.7549,241681.0034,-8643.751502
2021/4/12,8,11,3,103.2905307,114.609243,11.31871226,222804.7598,247173.1465,24368.38673
2021/4/13,13,12,-1,187.7397881,195.9866724,8.24688429,418647.5082,436886.6682,18239.16001
2021/4/14,12,13,1,616.1490061,154.9108049,-461.2382012,1425811.763,363146.4914,-1062665.272
2021/4/15,10,8,-2,111.3196293,114.3003096,2.98068032,273906.5566,281486.5246,7579.967992
2021/4/16,11,12,1,275.3244089,268.9757996,-6.348609258,674902.0021,658614.8661,-16287.13595
2021/4/17,11,13,2,220.0421479,221.7916929,1.749545,534264.2161,538347.661,4083.444895
2021/4/18,13,12,-1,270.2696523,280.2081989,9.938546563,593925.0431,614997.1825,21072.13943
2021/4/19,13,12,-1,268.7888186,274.4090248,5.620206217,597664.6463,609960.1805,12295.53425
2021/4/20,12,10,-2,232.9534583,242.8450587,9.891600416,501949.2235,523456.5007,21507.27726
2021/4/21,10,9,-1,700.1548784,137.7919486,-562.3629298,1620343.347,325277.7267,-1295065.621
2021/4/22,10,8,-2,125.1901266,129.4883394,4.298212771,309917.3671,320595.1977,10677.83062
2021/4/23,9,9,0,175.1846413,179.2037417,4.01910046,397931.9362,406753.9841,8822.04791
2021/4/24,5,5,0,46.57552082,48.45511672,1.879595901,106236.0828,110535.9519,4299.869022
2021/4/25,5,5,0,92.93999548,95.54641936,2.606423879,210650.0089,216063.4682,5413.459374
2021/4/26,8,6,-2,76.73413466,80.75606131,4.021926657,190441.7771,200422.5742,9980.797154
2021/4/27,4,4,0,66.43313705,67.15515526,0.722018205,171670.9798,173271.4412,1600.461476
2021/4/28,6,8,2,74.30663526,77.75384257,3.44720731,199832.005,209248.9608,9416.955884
2021/4/29,7,7,0,99.78704586,102.8235773,3.036531423,274817.3795,283246.2215,8428.842035
2021/4/30,13,12,-1,228.1113703,239.333384,11.22201366,630732.7827,661205.6523,30472.86962
2021/5/1,7,7,0,109.4984938,108.9475596,-0.550934161,312646.6805,310875.5837,-1771.096774
2021/5/2,9,10,1,182.6832477,170.5779322,-12.10531546,535621.99,500354.4291,-35267.56087
2021/5/3,9,10,1,118.5698605,142.4245214,23.85466086,378968.0187,450237.0892,71269.07056
2021/5/4,5,7,2,78.74300697,82.70495126,3.961944285,262321.7836,276785.8625,14464.07884
2021/5/5,9,8,-1,101.4986884,104.7791233,3.280434913,344049.8319,354992.537,10942.70511
2021/5/6,7,6,-1,89.82731563,95.21555815,5.38824252,313873.9288,333023.0302,19149.10141
2021/5/7,7,4,-3,56.67298793,52.34842352,-4.324564407,198033.4321,182824.2327,-15209.19938
2021/5/8,11,10,-1,180.7576429,172.2637288,-8.493914136,668826.7702,637686.0765,-31140.69373
2021/5/9,6,6,0,80.41252386,68.6827984,-11.72972546,312350.7991,266358.1182,-45992.68086
2021/5/10,10,10,0,135.1300735,140.4057988,5.275725282,546799.8096,568537.9401,21738.13055
2021/5/11,7,5,-2,68.64630994,58.26483101,-10.38147893,280850.0776,238872.2142,-41977.86342
2021/5/12,9,8,-1,154.7600909,160.711338,5.951247082,636666.3883,662368.1899,25701.80159
2021/5/13,10,10,0,140.8365963,147.1691126,6.332516322,554273.6916,579195.8162,24922.12459
2021/5/14,10,7,-3,149.033252,149.7865587,0.753306754,591399.3737,593330.2253,1930.851599
2021/5/15,6,4,-2,99.55483946,74.78242424,-24.77241523,394001.5289,297235.4011,-96766.12776
2021/5/16,8,9,1,86.23899478,88.46384563,2.224850856,330004.5979,338640.9375,8636.339681
2021/5/17,5,8,3,115.5621088,118.4652417,2.90313297,389483.5976,399268.1428,9784.545176
2021/5/18,3,3,0,20.78275937,22.87096239,2.088203018,70632.66572,77701.76044,7069.094717
2021/5/19,10,11,1,101.5951446,114.1188501,12.5237055,327785.5061,369701.2854,41915.77927
2021/5/20,11,12,1,135.3050216,138.9098075,3.604785903,352929.5452,362263.3368,9333.791547
2021/5/21,10,12,2,144.0456796,146.3541875,2.308507901,369243.0174,376856.6379,7613.620465
2021/5/22,7,6,-1,80.30415156,99.11967223,18.81552067,187389.4674,231856.0506,44466.58323
2021/5/23,9,8,-1,117.5721635,114.655159,-2.917004497,250922.6357,231675.7894,-19246.84623
2021/5/24,5,5,0,35.5010096,36.05734057,0.556330968,86382.14239,87721.94137,1339.798978
2021/5/25,5,5,0,74.31299411,76.7442708,2.431276687,195598.9222,201893.3092,6294.386996
2021/5/26,9,7,-2,83.00436011,84.42618605,1.421825943,228026.5443,235071.7342,7045.189906
2021/5/27,4,3,-1,41.54343938,33.58161225,-7.961827132,114016.9836,91897.08936,-22119.89423
2021/5/28,1,3,2,8.094040584,15.66142739,7.567386804,20669.02298,41641.45509,20972.43212
2021/5/29,3,3,0,34.6891621,35.86850621,1.179344119,87177.33326,90141.14296,2963.809704
2021/5/30,1,1,0,6.5,6.911098573,0.411098573,15550.93091,16534.46406,983.5331548
2021/5/31,2,2,0,18.72871228,18.39312787,-0.335584407,45358.89612,44526.76706,-832.1290639
2021/6/1,2,1,-1,17.802774,18.5170972,0.714323207,47025.18619,48912.80981,1887.623618
2021/6/2,2,2,0,13.8678975,14.50003115,0.632133653,36501.92101,38152.73856,1650.817552
2021/6/3,3,3,0,28.68847948,29.76927005,1.080790572,78385.81937,81338.87425,2953.054888
2021/6/4,2,2,0,17.32153549,18.41284423,1.091308734,46870.29062,49801.83838,2931.547761
2021/6/5,1,1,0,12.63157895,13.21077196,0.579193014,34982.4,36586.4403,1604.040299
2021/6/6,2,1,-1,20.80645161,21.78053163,0.974080021,55041.3871,57618.21838,2576.831288
2021/6/8,2,2,0,21.57187411,22.86965448,1.297780367,54515.36167,57795.04732,3279.685655
2021/6/9,1,1,0,9.777844633,9.386828325,-0.391016308,24613.47496,24361.35395,-252.1210116
2021/6/12,1,1,0,8.890985774,11.15372856,2.262742789,21940.81905,27524.7252,5583.906146
2021/6/14,2,2,0,23,24.04191046,1.041910458,55651.49,58172.5278,2521.037802
2021/6/15,1,1,0,10.97560976,11.64086509,0.665255334,28348.79268,30067.07403,1718.281349
2021/6/16,4,3,-1,41.32311463,43.58432399,2.261209353,101199.7461,106051.6956,4851.949494
2021/6/17,1,1,0,9.593318262,10.13947764,0.546159378,23207.96367,24529.22152,1321.257843
2021/6/20,3,3,0,44.23872373,44.38623656,0.147512831,98527.88672,98850.84617,322.9594437
2021/6/22,2,3,1,16,32.79682625,16.79682625,30572.19,63213.46523,32641.27523
2021/6/23,2,2,0,33.29178001,34.49399562,1.202215609,62698.40929,64962.54195,2264.132657
2021/6/24,1,1,0,12.85714286,14.02982816,1.172685304,25044.17143,27328.42168,2284.25025
2021/6/27,1,1,0,15.42857143,15.29138137,-0.137190064,31053.08571,30776.96327,-276.1224419
2021/6/28,1,1,0,12.5,13.32654642,0.82654642,26585.39337,28343.31831,1757.924936
2021/6/29,1,1,0,10,11.06517842,1.065178416,21831.2,24156.6123,2325.412303
2021/6/30,2,2,0,16.32142857,16.88838657,0.566958001,34349.91536,35543.1295,1193.21414
2021/7/1,1,1,0,14.71528729,15.29746336,0.582176064,30969.64648,32194.88841,1225.241922
2021/7/2,1,1,0,10,10.25182923,0.251829233,21045.9,21575.89728,529.9972845
2021/7/5,1,1,0,6,6.294174863,0.294174863,13942.08,14625.64825,683.5682466
2021/7/6,2,3,1,27.82363986,29.05887873,1.235238877,64825.46379,67703.40979,2877.946002
2021/7/7,3,3,0,35.6936323,37.14038666,1.446754354,83816.89184,87229.2083,3412.31646
2021/7/8,2,2,0,14.25139013,14.29073315,0.03934302,32861.73557,32284.71132,-577.0242494
2021/7/9,3,3,0,29.65238155,35.37968707,5.727305522,62860.83572,75087.14956,12226.31384
2021/7/10,1,1,0,10.80408202,11.89842862,1.094346598,23115.54956,25456.926,2341.376434
2021/7/11,2,3,1,17.08983883,19.98598246,2.896143629,36085.22176,42185.84147,6100.619711
2021/7/12,2,1,-1,8.624753712,7.252255236,-1.372498476,18117.27188,15293.62836,-2823.64351
2021/7/13,3,2,-1,23.35786996,22.04386825,-1.314001715,46238.13819,43713.38953,-2524.748664
2021/7/15,5,4,-1,35.20969388,36.8622575,1.652563617,68096.49729,71519.17992,3422.682632
2021/7/16,1,1,0,11.55794336,11.22420605,-0.33373731,22130.68763,21491.66078,-639.0268511
2021/7/17,1,1,0,13.04347826,14.20888302,1.165404758,24779.6087,26993.60969,2214.000997
2021/7/19,1,1,0,13.90503749,14.78560209,0.880564597,25296.0442,26897.96731,1601.923115
2021/7/22,2,3,1,17.29876727,20.76596343,3.46719616,34858.00984,41617.39787,6759.388034
2021/7/23,2,1,-1,7.9957,4.812805427,-3.182894573,16611.71243,9712.433863,-6899.278565
2021/7/24,1,2,1,9.658166569,10.16027833,0.50211176,20841.45422,21925.26795,1083.813735
2021/7/26,3,2,-1,25.29164718,15.27477777,-10.0168694,58527.97527,36129.51753,-22398.45774
2021/7/27,3,2,-1,45.70568143,32.80001948,-12.90566195,102360.548,73516.52208,-28844.02594
2021/7/28,2,2,0,17.58433435,9.480638469,-8.103695881,40590.47337,21948.00183,-18642.47154
2021/7/29,4,4,0,31.29844546,40.1191741,8.820728636,72072.89514,92258.8434,20185.94826
2021/7/30,1,1,0,8.75,8.698322231,-0.051677769,21089.775,20965.21814,-124.5568598
2021/7/31,1,1,0,5.952485689,6.382367851,0.429882162,14587.75668,15641.26889,1053.512214
2021/8/1,1,2,1,12.62222222,12.46836456,-0.15385766,33110.71929,32709.19489,-401.5244015
2021/8/2,3,1,-2,6.231668734,5.840270501,-0.391398232,16444.93757,15412.06503,-1032.872537
2021/8/3,4,5,1,566.6308,234.8512,-331.7796,1495299.017,619755.8772,-875543.1398
2021/8/4,5,6,1,742.899,1009.400769,266.5017689,1960458.458,2663737.971,703279.5129
2021/8/5,9,8,-1,1891.304737,1239.132557,-652.1721801,4991020.809,3269984.078,-1721036.731
2021/8/6,6,7,1,920.0533,757.2638183,-162.7894817,2427956.255,1998366.208,-429590.047
2021/8/7,8,8,0,1143.566539,1578.274617,434.7080776,3354642.281,4575267.619,1220625.337
2021/8/8,8,8,0,612.4042009,491.3056582,-121.0985427,1888683.647,1513825.684,-374857.9623
2021/8/9,12,12,0,338.901588,223.8004673,-115.1011208,1027298.365,682877.6555,-344420.7094
2021/8/10,5,5,0,341.3978,252.4788,-88.919,1059431.607,784551.7641,-274879.8428
2021/8/11,7,6,-1,162.2541701,101.8898457,-60.36432442,518458.7357,327713.538,-190745.1978
2021/8/12,7,8,1,364.2127735,249.6285227,-114.5842507,1125836.219,798424.9904,-327411.2282
2021/8/13,9,9,0,117.640054,561.2944196,443.6543655,369890.5439,1766337.908,1396447.365
2021/8/14,10,8,-2,215.939137,268.5595448,52.62040779,705881.1157,876790.3899,170909.2742
2021/8/15,5,5,0,116.6419,193.2224,76.5805,380652.6757,630245.6335,249592.9578
2021/8/16,7,9,2,370.6381436,274.4804955,-96.15764813,1196409.637,885214.0795,-311195.5575
2021/8/17,9,9,0,409.5646064,381.77166,-27.79294641,1282724.39,1202692.145,-80032.24467
2021/8/18,10,10,0,315.9947732,306.2491937,-9.745579457,962499.2373,931529.7052,-30969.53215
2021/8/19,8,8,0,117.6819453,215.289933,97.60798773,355464.7703,654059.0803,298594.3099
2021/8/20,7,7,0,137.3757,192.5052249,55.12952492,440219.6376,614887.5014,174667.8638
2021/8/21,6,6,0,146.5424,191.909,45.3666,478419.7183,625478.2898,147058.5715
2021/8/22,6,8,2,85.94685888,134.3629975,48.41613859,275440.2906,429512.6316,154072.341
2021/8/23,6,7,1,58.81299815,87.33317729,28.52017914,196042.3046,288825.213,92782.90846
2021/8/24,7,7,0,66.86378569,147.6298614,80.76607567,218009.1173,485339.2565,267330.1393
2021/8/25,9,12,3,102.6015458,168.5522199,65.95067408,323818.8488,532478.2398,208659.3909
2021/8/26,10,12,2,174.3089585,114.5119192,-59.79703927,555690.9125,366393.8709,-189297.0416
2021/8/27,8,5,-3,95.9347795,101.4791,5.5443205,302516.6982,316721.3403,14204.64213
2021/8/28,5,4,-1,42.36604136,50.76912597,8.403084614,138187.0386,165689.8617,27502.82309
2021/8/29,4,6,2,76.29683028,80.14310849,3.84627821,245826.8685,258244.3287,12417.46023
2021/8/30,6,10,4,76.94831103,180.0604669,103.1121559,247709.1192,576286.2197,328577.1005
2021/8/31,6,10,4,40.36655938,284.3160094,243.9494501,134961.7295,932479.3209,797517.5913
2021/9/1,7,6,-1,114.2603037,293.536118,179.2758143,414748.4803,1056088.873,641340.3924
2021/9/2,3,3,0,67.9003,96.87887584,28.97857584,256197.5423,365594.2269,109396.6846
2021/9/3,6,5,-1,139.6361372,184.8186176,45.18248031,541243.5614,718424.2945,177180.7331
2021/9/5,6,3,-3,285.1814,60.30767683,-224.8737232,1111260.355,234384.5045,-876875.8505
2021/9/6,6,3,-3,218.648,179.6525087,-38.99549131,859364.8395,702007.6658,-157357.1737
2021/9/7,10,11,1,1073.279969,889.3532371,-183.9267315,3951388.819,3278578.334,-672810.4858
2021/9/8,10,8,-2,579.2425338,788.6067069,209.3641731,1967325.456,2681756.07,714430.6136
2021/9/9,11,12,1,380.3738748,664.9191274,284.5452526,1335422.262,2334289.536,998867.2745
2021/9/10,11,10,-1,454.0964619,268.9178349,-185.178627,1516955.089,913751.9985,-603203.0902
2021/9/11,9,10,1,284.9282941,133.5546647,-151.3736294,928414.7743,430513.9637,-497900.8105
2021/9/12,8,6,-2,308.6214529,250.4284439,-58.193009,1040785.926,840358.2523,-200427.6736
2021/9/13,6,4,-2,223.931,72.8382255,-151.0927745,755803.9375,246338.5797,-509465.3577
2021/9/14,5,4,-1,380.8904031,79.13032285,-301.7600803,1268354.611,262792.3933,-1005562.218
2021/9/15,9,9,0,345.6686894,215.5484415,-130.1202479,1183068.373,737725.3184,-445343.0546
2021/9/16,12,9,-3,569.3705598,518.5467654,-50.82379438,1948699.209,1774752.232,-173946.9774
2021/9/17,7,9,2,741.6119,587.0355769,-154.5763231,2538203.808,2008575.659,-529628.1496
2021/9/18,9,10,1,280.6966834,177.7114173,-102.9852661,983813.8764,624586.3058,-359227.5706
2021/9/19,9,10,1,401.4101011,191.2272405,-210.1828606,1351949.088,646605.8714,-705343.2169
2021/9/20,7,6,-1,304.6869,292.8516236,-11.83527643,956216.2692,925724.0534,-30492.21583
2021/9/21,10,11,1,367.1946085,221.1672512,-146.0273573,1114714.705,671410.6946,-443304.01
2021/9/22,8,6,-2,223.2220709,133.5207674,-89.70130357,677648.6341,405337.0048,-272311.6293
2021/9/23,5,5,0,163.5584,147.8637,-15.6947,496524.0484,448878.7059,-47645.34247
2021/9/24,8,6,-2,213.3514,102.1917713,-111.1596287,643259.9486,308474.8102,-334785.1384
2021/9/25,8,7,-1,274.1579947,165.4618249,-108.6961698,803830.5428,485164.8736,-318665.6692
2021/9/26,10,9,-1,575.1755211,366.64964,-208.5258811,1717207.053,1086130.81,-631076.2428
2021/9/27,9,11,2,249.0165557,204.2932943,-44.72326139,764724.0066,628541.0987,-136182.9079
2021/9/28,6,4,-2,463.1061,92.762,-370.3441,1343753.335,270518.0233,-1073235.312
2021/9/29,7,8,1,187.1495,182.1175886,-5.031911401,538983.0626,527237.4587,-11745.60384
2021/9/30,5,3,-2,130.3528,50.29814555,-80.05465445,389055.4917,150868.7831,-238186.7086
2021/10/1,6,6,0,101.4232615,55.10311138,-46.32015007,313483.512,175975.8437,-137507.6683
2021/10/2,7,8,1,186.7023597,146.1831102,-40.51924958,628382.1524,491933.7508,-136448.4017
2021/10/3,5,6,1,160.8088473,132.7643408,-28.04450652,550238.7624,455654.95,-94583.81236
2021/10/4,8,7,-1,1497.1397,998.8919054,-498.2477946,5057133.712,3375819.072,-1681314.64
2021/10/5,7,7,0,1567.902012,1732.48508,164.5830674,5399263.053,5968345.878,569082.8253
2021/10/6,9,8,-1,2656.7967,1056.074858,-1600.721842,9310358.568,3699888.435,-5610470.133
2021/10/7,8,8,0,2863.029579,609.6082419,-2253.421337,10240079.73,2183355.312,-8056724.414
2021/10/8,6,6,0,531.2829,406.0291056,-125.2537944,1921592.789,1466888.497,-454704.292
2021/10/9,8,9,1,243.283,268.5596913,25.27669134,873981.9641,964189.8174,90207.85325
2021/10/10,8,8,0,319.5527145,212.9840215,-106.5686931,1134834.838,758737.9955,-376096.8425
2021/10/11,7,7,0,289.3942421,250.7298322,-38.66440991,1024323.99,895516.083,-128807.9072
2021/10/12,6,9,3,263.7834971,309.9877378,46.20424075,919175.1616,1082024.601,162849.4398
2021/10/13,7,10,3,237.9539635,221.1308538,-16.82310968,827587.4685,769854.7925,-57732.67602
2021/10/14,6,8,2,123.6739713,155.5804882,31.90651685,463922.4465,578910.8368,114988.3903
2021/10/15,8,8,0,324.7598133,256.173468,-68.58634534,1248465.026,978840.7235,-269624.3025
2021/10/16,9,7,-2,225.8304151,389.799874,163.9694589,876732.6919,1527892.71,651160.018
2021/10/17,8,9,1,275.5067362,206.9684326,-68.53830354,1044483.279,795626.6665,-248856.6129
2021/10/18,9,7,-2,258.2946402,129.4394012,-128.8552391,971311.1475,489041.563,-482269.5844
2021/10/19,8,7,-1,146.1294,142.8071472,-3.322252764,556974.4761,542320.4412,-14654.03497
2021/10/20,7,6,-1,89.1058,103.5630313,14.45723131,347397.409,417016.2482,69618.83922
2021/10/21,12,9,-3,289.6484955,374.4946632,84.84616775,1211110.098,1578616.551,367506.4526
2021/10/22,6,6,0,179.8604,76.90222216,-102.9581778,723279.2664,318110.9369,-405168.3295
2021/10/23,5,6,1,308.475,239.0036,-69.4714,1255995.522,981907.5681,-274087.9542
2021/10/24,8,5,-3,2012.754,253.9354479,-1758.818552,8191534.26,1028124.245,-7163410.015
2021/10/25,10,8,-2,716.0018879,116.0872668,-599.9146212,2966808.25,486253.4482,-2480554.802
2021/10/26,8,4,-4,568.7535229,39.55407028,-529.1994526,2390028.658,167167.5239,-2222861.134
2021/10/27,10,10,0,861.848639,552.3426879,-309.5059511,3522280.115,2234331.698,-1287948.417
2021/10/28,8,7,-1,961.4365442,611.2895775,-350.1469667,3899105.404,2489798.346,-1409307.057
2021/10/29,4,3,-1,310.6607,51.6611,-258.9996,1360124.519,226331.9144,-1133792.605
2021/10/30,8,5,-3,128.4123102,90.55594668,-37.85636349,557729.2293,391661.0318,-166068.1975
2021/10/31,9,5,-4,126.5620939,51.05405047,-75.50804341,539226.4493,219390.9688,-319835.4804
2021/11/1,8,9,1,283.8959775,609.323252,325.4272745,1229435.236,2636319.726,1406884.49
2021/11/2,4,6,2,65.73711161,140.599224,74.86211235,291703.2014,627127.7567,335424.5554
2021/11/3,5,6,1,76.90420043,159.6805548,82.7763544,353453.003,730881.4526,377428.4496
2021/11/4,4,6,2,101.032432,261.1237653,160.0913333,458130.128,1189698.87,731568.7422
2021/11/5,5,6,1,182.3942,136.449625,-45.94457498,827510.2998,617804.9173,-209705.3825
2021/11/6,3,5,2,64.4349,52.25346889,-12.18143111,285706.4733,233625.0639,-52081.4094
2021/11/7,4,2,-2,46.56725714,60.08876605,13.5215089,212620.7012,276871.6259,64250.92476
2021/11/8,1,2,1,10.596,63.9224,53.3264,50222.391,299111.3671,248888.9761
2021/11/9,3,4,1,35.39988413,53.17763097,17.77774684,169639.2814,254816.784,85177.5026
2021/11/10,6,7,1,241.7580255,153.4759754,-88.28205006,1148869.796,730157.3148,-418712.4809
2021/11/11,1,3,2,5.15754717,42.99480679,37.83725962,24354.86609,203029.2167,178674.3506
2021/11/12,7,7,0,194.4210822,137.4546162,-56.96646598,907981.7591,644225.5605,-263756.1986
2021/11/13,4,3,-1,56.92124066,42.2318681,-14.68937256,264527.1219,197279.5129,-67247.60897
2021/11/14,4,3,-1,84.07933623,25.40432712,-58.67500911,388955.1474,118275.4396,-270679.7078
2021/11/15,3,3,0,37.4704,30.48809981,-6.982300195,175291.3138,140152.7493,-35138.56456
2021/11/16,9,5,-4,371.1257999,122.4953966,-248.6304033,1624063.557,525322.2047,-1098741.352
2021/11/17,4,3,-1,86.83458094,45.88863447,-40.94594647,366493.1949,193062.737,-173430.4579
2021/11/18,7,3,-4,248.9221,85.3748,-163.5473,1082723.517,367588.3937,-715135.1237
2021/11/19,6,3,-3,110.1515386,83.27106094,-26.88047768,449844.7906,347554.702,-102290.0887
2021/11/20,6,5,-1,65.72355503,70.51195878,4.788403754,284208.6071,305198.239,20989.63183
2021/11/22,3,3,0,70.3241,57.19339197,-13.13070803,293648.7772,240146.4692,-53502.30793
2021/11/23,3,6,3,41.41231444,85.72316545,44.31085101,172498.0263,361696.4317,189198.4055
2021/11/24,2,1,-1,46.6647,11.7444,-34.9203,200484.3636,50269.90765,-150214.4559
2021/11/25,6,4,-2,161.0372596,92.08530018,-68.95195941,702699.0638,395622.0904,-307076.9734
2021/11/26,5,4,-1,276.7801,117.9583062,-158.8217938,1153504.088,490539.1483,-662964.9399
2021/11/27,4,3,-1,72.47771551,28.57533744,-43.90237807,297357.4374,117673.7319,-179683.7055
2021/11/28,5,6,1,232.5422297,214.4811752,-18.06105452,942421.0522,890008.8814,-52412.1708
2021/11/29,2,3,1,15.47893567,74.99363541,59.51469974,68562.02889,328898.3268,260336.2979
2021/11/30,5,4,-1,124.0550573,76.49288634,-47.562171,558735.2534,346466.3321,-212268.9213
2021/12/1,4,5,1,103.5157018,121.626006,18.1103042,488011.0163,572344.8539,84333.83759
2021/12/2,5,4,-1,196.1110465,84.83090681,-111.2801397,886409.1698,384178.5746,-502230.5952
2021/12/3,7,6,-1,149.9901957,67.48228432,-82.50791134,666345.2528,302392.7788,-363952.474
2021/12/4,5,6,1,448.193654,250.9669329,-197.2267211,1802205.59,968868.5508,-833337.0391
2021/12/5,4,5,1,130.4498105,72.86961023,-57.58020031,536482.7036,297717.2751,-238765.4285
2021/12/6,3,2,-1,74.68762709,39.4104,-35.27722709,306619.5151,160168.2675,-146451.2476
2021/12/7,5,4,-1,80.1056,87.84420246,7.738602458,347915.3306,379699.685,31784.35434
2021/12/8,5,3,-2,78.50007891,27.6101,-50.88997891,339858.0827,119675.1364,-220182.9463
2021/12/9,3,2,-1,36.84864199,31.42038555,-5.42825644,157967.0343,137709.4019,-20257.63236
2021/12/10,4,1,-3,168.7503799,9.59743932,-159.1529405,688712.8126,40021.32196,-648691.4906
2021/12/11,1,1,0,7.4636,7.7317,0.2681,30039.64655,30318.00594,278.35939
2021/12/12,2,1,-1,24.82148596,22.33279739,-2.48868857,100732.0436,90650.91827,-10081.12534
2021/12/13,4,1,-3,115.4259605,10.23815539,-105.1878051,449292.4406,40083.81169,-409208.6289
2021/12/14,3,1,-2,34.42015509,7.9385,-26.48165509,130621.5715,30188.92473,-100432.6468
2021/12/15,3,2,-1,36.5296,53.69232607,17.16272607,140498.2505,211520.4797,71022.22915
2021/12/17,1,1,0,163.5795607,38.0735,-125.5060607,637891.8208,149321.9826,-488569.8382
2021/12/18,2,1,-1,32.92526416,32.5697,-0.35556416,129433.2353,128901.051,-532.1843674
2021/12/19,3,2,-1,56.44543932,25.4388,-31.00663932,220941.8622,99843.73052,-121098.1317
2021/12/20,3,2,-1,49.5371386,10.34947984,-39.18765876,189835.8084,40220.21159,-149615.5968
2021/12/21,2,1,-1,17.46472173,7.43880776,-10.02591397,70051.31734,29890.98928,-40160.32806
2021/12/22,3,1,-2,74.61276053,70.99989606,-3.61286447,300414.0246,286008.839,-14405.18563
2021/12/23,1,2,1,10.00288187,39.2729,29.27001813,40446.65284,155747.4412,115300.7883
2021/12/24,2,1,-1,46.86999489,2.4609047,-44.40909019,190785.3425,10069.59581,-180715.7467
2021/12/25,1,1,0,17.25094705,29.36251329,12.11156624,70232.00901,119734.4558,49502.44679
2021/12/27,3,2,-1,28.12276613,134.6278,106.5050339,115131.4704,549125.5109,433994.0405
2021/12/28,3,1,-2,43.48212018,45.8757,2.39357982,170486.7157,180409.5262,9922.810469
2021/12/29,2,1,-1,47.29718499,13.1352,-34.16198499,179891.828,50102.77553,-129789.0525
2021/12/30,1,1,0,40.73868753,31.34618022,-9.39250731,150387.3297,115496.4975,-34890.83223
2022/1/1,1,1,0,20.09793244,13.4855,-6.61243244,75933.40541,49632.16906,-26301.23635
2022/1/6,3,1,-2,129.7785328,39.90859221,-89.86994059,451588.6507,147455.0576,-304133.5931
2022/1/7,5,3,-2,189.4681618,28.221,-161.2471618,608810.5133,90573.2634,-518237.2498
2022/1/8,2,3,1,177.8074425,47.5148,-130.2926425,560979.8993,150737.4481,-410242.4513
2022/1/9,4,3,-1,150.012981,48.2316,-101.781381,469696.4534,150584.1578,-319112.2955
2022/1/10,3,1,-2,82.86440404,22.6176,-60.24680404,261824.967,69969.95402,-191855.013
2022/1/11,4,1,-3,94.05764051,28.60100301,-65.4566375,300498.7775,90381.61618,-210117.1613
2022/1/12,3,3,0,244.5945663,113.1492147,-131.4453516,809211.286,380352.0795,-428859.2065
2022/1/13,4,1,-3,161.3896131,91.53193345,-69.85767963,541035.3408,306689.5194,-234345.8214
2022/1/14,2,1,-1,132.3033685,103.924301,-28.3790675,429611.7655,339853.7198,-89758.04574
2022/1/15,3,4,1,143.242083,146.4119877,3.169904686,476753.0174,487223.9808,10470.9634
2022/1/16,2,2,0,220.0063827,99.44639277,-120.5599899,730067.9222,330186.705,-399881.2173
2022/1/17,2,1,-1,61.40312338,9.2045,-52.19862338,200026.1789,30111.50926,-169914.6696
2022/1/18,2,1,-1,31.4066242,28.4017292,-3.004895,100159.3302,90807.99672,-9351.333509
2022/1/19,3,1,-2,67.07992662,19.14972074,-47.93020588,209780.7964,59980.7553,-149800.0411
2022/1/21,4,4,0,584.9551762,435.2510219,-149.7041543,1595545.482,1233685.231,-361860.2513
2022/1/22,2,2,0,404.222682,253.5776989,-150.6449831,976057.3648,616153.4863,-359903.8785
2022/1/23,1,1,0,171.8462189,315.3750272,143.5288083,419328.3625,766046.5236,346718.1611
2022/1/24,4,4,0,612.1569741,791.9475043,179.7905302,1363506.787,1778754.828,415248.0411
2022/1/25,3,2,-1,91.17776417,62.15798218,-29.01978199,220620.516,148513.0982,-72107.41784
2022/1/26,2,1,-1,63.91314383,11.5087588,-52.40438503,159021.9,30072.61692,-128949.2831
2022/1/27,3,1,-2,62.63164358,12.47381082,-50.15783276,150544.1083,30270.17622,-120273.9321
2022/1/28,1,2,1,25.01334816,65.59562606,40.5822779,60236.07767,159900.2594,99664.18169
2022/1/29,1,1,0,15.7360449,11.6574451,-4.0785998,40122.82312,30047.06475,-10075.75838
2022/1/30,2,2,0,38.55235945,26.73074907,-11.82161038,100346.1012,69962.80694,-30383.29427
2022/1/31,2,3,1,35.0862447,38.23910803,3.15286333,90505.59845,99268.6683,8763.069852
2022/2/2,2,1,-1,25.88059131,10.77103474,-15.10955657,70214.3525,30233.54054,-39980.81196
2022/2/4,2,2,0,20.27708516,25.02058901,4.74350385,59908.57307,69995.42752,10086.85445
2022/2/6,4,4,0,265.7369753,64.38588331,-201.351092,799396.3559,193951.817,-605444.5389
2022/2/7,2,2,0,177.8555636,149.7104117,-28.14515184,540563.4165,460756.7481,-79806.66842
2022/2/8,2,3,1,64.40858148,106.3750534,41.9664719,200565.0606,329594.5118,129029.4512
2022/2/9,4,4,0,226.0588227,111.6839176,-114.3749051,710810.7562,349950.7203,-360860.0359
2022/2/10,4,2,-2,104.2584322,46.49552871,-57.76290353,329712.6534,147809.6116,-181903.0418
2022/2/11,2,3,1,121.766636,78.17745083,-43.58918515,369471.2712,230902.523,-138568.7482
2022/2/13,1,1,0,20.49150316,41.05634453,20.56484137,59778.61282,119225.7756,59447.16274
2022/2/14,2,3,1,13.74473834,41.06113475,27.31639641,39957.18274,120042.5352,80085.3525
2022/2/15,2,3,1,25.68231626,48.37048767,22.68817141,79987.50461,150076.9104,70089.4058
2022/2/16,3,1,-2,124.0018036,12.59419939,-111.4076042,391388.2611,39866.45815,-351521.8029
2022/2/17,2,2,0,75.21963567,12.81013237,-62.4095033,229782.831,39430.22256,-190352.6085
2022/2/18,1,3,2,104.2186616,65.96869966,-38.24996193,300325.28,190871.218,-109454.062
2022/2/19,2,1,-1,57.95517865,10.94458105,-47.0105976,161414.9916,30057.86906,-131357.1225
2022/2/20,2,2,0,26.54085309,36.91474704,10.37389395,70073.46948,101039.5213,30966.0518
2022/2/21,2,1,-1,36.69113632,37.11418622,0.4230499,100064.5006,100876.1369,811.6363151
2022/2/22,2,2,0,85.64254347,15.265658,-70.37688547,220648.3136,40116.4102,-180531.9034
2022/2/23,2,2,0,74.59281423,33.89249605,-40.70031818,197674.2302,90008.302,-107665.9282
2022/2/24,1,3,2,12.65292467,108.5160352,95.86311053,33180.52354,284915.3409,251734.8174
2022/2/25,1,2,1,10.88730924,41.34056678,30.45325754,30167.10081,110706.8148,80539.71403
2022/2/26,1,2,1,21.30905327,14.18515145,-7.12390182,59823.48697,39681.38766,-20142.09931
2022/2/27,1,2,1,29.77887662,22.85778086,-6.92109576,83493.83306,64500.31461,-18993.51845
2022/2/28,2,3,1,36.10068677,35.99053295,-0.11015382,95132.65114,95275.98302,143.3318807
2022/3/1,3,4,1,33.75381413,51.03248423,17.2786701,97953.25013,145726.106,47772.85584
2022/4/25,1,1,0,10.13127158,0.19451654,-9.93675504,30402.41867,558.7136062,-29843.70507
2022/5/9,1,1,0,13.04094811,8.79469571,-4.2462524,30194.46744,20155.46943,-10038.99801
2022/5/10,1,1,0,10.26170333,11.94870657,1.68700324,24923.08957,28038.93836,3115.848791
2022/5/12,2,1,-1,30.36113825,31.06983617,0.70869792,59274.46804,60278.20562,1003.737577
2022/5/13,2,2,0,19.0438924,48.1343903,29.0904979,40116.4287,99826.71782,59710.28912
2022/5/14,1,2,1,0.26,0.831858385,0.571858385,523.3336368,1672.891254,1149.557617
2022/5/15,1,1,0,0.079999,0.000727779,-0.079271221,160.7500803,1.475609822,-159.2744705
2022/5/17,1,2,1,0.48143948,5.55142273,5.06998325,997.9030559,11585.08031,10587.17725
2022/5/18,1,1,0,0.246526942,0.246526942,0,502.1285416,502.1285416,0
2022/5/19,1,3,2,0.006433261,0.801236006,0.794802744,12.56575983,1568.225804,1555.660044
2022/5/20,1,4,3,0.00101844,0.96615667,0.965138229,2.045339452,1965.002087,1962.956747
2022/5/23,2,4,2,0.002886465,2.438220559,2.435334094,5.984362874,5018.805418,5012.821055
2022/5/27,2,4,2,4.59732109,6.409156452,1.811835363,8083.738848,11252.41981,3168.680959
2022/6/1,1,3,2,0.0005,0.08459886,0.08409886,0.943445648,163.4861188,162.5426732
2022/6/2,4,1,-3,0.078,0.000573134,-0.077426866,141.3674105,1.042631948,-140.3247786
2022/6/3,1,1,0,0.092683,0.050595054,-0.042087946,169.4903289,89.29318765,-80.19714129
2022/6/4,1,1,0,0.070284,0.022044428,-0.048239572,123.8455811,39.04215424,-84.80342684
2022/6/5,5,2,-3,2.103713,0.207527606,-1.896185394,3773.228172,370.2265552,-3403.001617
2022/6/6,6,3,-3,0.763302,10.81755832,10.05425632,1433.124425,20072.8206,18639.69617
2022/6/7,2,4,2,0.003,1.879553881,1.876553881,5.236007965,3316.360711,3311.124703
2022/6/8,6,1,-5,3.791279,0.522517241,-3.268761759,6689.939272,922.013023,-5767.926249
2022/6/9,7,2,-5,2.369403,0.479239282,-1.890163718,4303.18226,863.754015,-3439.428245
2022/6/10,4,3,-1,0.350606,1.022136052,0.671530052,625.7432507,1823.679044,1197.935793
2022/6/12,6,1,-5,3.78551209,0.781832091,-3.00368,5668.970212,1176.198546,-4492.771666
2022/6/14,6,7,1,1.059577312,2.005366005,0.945788693,1274.722748,2407.394374,1132.671626
2022/6/15,6,5,-1,4.138625,843.8189642,839.6803392,4848.695702,1040493.807,1035645.112
2022/6/16,9,3,-6,0.716443,4.141260168,3.424817168,822.0178106,5035.811091,4213.79328
2022/6/17,7,5,-2,2.010094273,33.42718651,31.41709224,2164.404184,35621.55961,33457.15543
2022/6/18,5,2,-3,1.266441,2.005739399,0.739298399,1231.656917,2005.083158,773.4262412
2022/6/19,1,2,1,0.291018,0.01188466,-0.27913334,331.2496375,11.39122949,-319.858408
2022/6/20,4,2,-2,0.432001,132.4576098,132.0256088,470.5062056,145995.8515,145525.3453
2022/6/21,11,8,-3,1.062991,37.60227469,36.53928369,1223.405123,42678.94858,41455.54345
2022/6/22,7,1,-6,0.420899,0.04888522,-0.372013781,453.8238596,53.31910892,-400.5047507
2022/6/23,9,6,-3,9.473709722,43.49107833,34.01736861,10536.81364,49357.00865,38820.19501
2022/6/24,1,4,3,0.00012,88.63852245,88.63840245,0.137706283,103309.4808,103309.3431
2022/6/25,4,8,4,0.895,584.5462779,583.6512779,1096.300096,720905.6213,719809.3212
2022/6/26,1,2,1,0.063495,31.86448241,31.80098741,78.50458305,39887.40846,39808.90388
2022/6/27,9,3,-6,8.495113,11.37432307,2.879210072,10164.44701,13692.02635,3527.579341
2022/6/28,4,5,1,1.358217,33.80171255,32.44349555,1590.032055,38623.79858,37033.76653
2022/6/29,6,3,-3,3.398809,1.444546488,-1.954262512,3889.198806,1593.56845,-2295.630356
2022/6/30,5,2,-3,0.759013,1.466901219,0.707888219,795.6507182,1528.729136,733.0784178
2022/7/1,5,1,-4,0.602947,1.202914967,0.599967967,623.4652864,1243.850164,620.3848772
2022/7/2,7,7,0,1.612905,41.68040649,40.06750149,1667.792157,43098.79073,41430.99857
2022/7/3,5,6,1,0.232623,2.594717356,2.362094356,240.5391607,2683.015588,2442.476427
2022/7/4,8,6,-2,0.819744954,39.29716223,38.47741728,847.6408752,40634.44466,39786.80379
2022/7/5,13,9,-4,4.777680042,41.09539278,36.31771274,4940.264494,42493.869,37553.60451
2022/7/6,6,6,0,1.15191,6.460953018,5.309043018,1312.183909,7311.015703,5998.831794
2022/7/7,8,3,-5,0.32992944,35.69701745,35.36708801,393.0372245,42282.72314,41889.68591
2022/7/8,13,1,-12,2.145327,29.89637866,27.75105166,2628.180725,36261.69582,33633.5151
2022/7/9,3,5,2,1.2005,1.469620011,0.269120011,1462.311092,1787.529665,325.2185732
2022/7/10,3,4,1,0.152,30.83950665,30.68750665,180.4306974,36698.24035,36517.80965
2022/7/11,13,6,-7,1.691279885,0.95148433,-0.739795555,1939.999568,1092.733596,-847.2659719
2022/7/12,5,5,0,0.198264,0.11272326,-0.08554074,208.4516479,118.2880431,-90.16360485
2022/7/13,8,5,-3,0.35799631,21.60559536,21.24759905,381.6914051,22197.24568,21815.55428
2022/7/14,9,7,-2,9.136515077,39.79506905,30.65855397,10169.71786,43980.87478,33811.15692
2022/7/15,6,5,-1,0.315498662,0.799810429,0.484311767,384.0177856,988.2795833,604.2617977
2022/7/16,7,7,0,3.33121904,885.8527203,882.5215013,4255.194341,1192438.098,1188182.904
2022/7/17,2,1,-1,0.011202347,26.48649621,26.47529386,15.02295158,35813.12947,35798.10652
2022/7/18,3,5,2,0.019606948,21.28634705,21.2667401,28.96409426,31604.6279,31575.6638
2022/7/19,3,4,1,0.122310514,4.731560165,4.60924965,185.2507931,7256.20494,7070.954147
2022/7/20,5,6,1,0.839150111,1.08256641,0.243416299,1292.085524,1683.983695,391.8981704
2022/7/21,9,10,1,1.046178415,884.5853557,883.5391773,1559.934439,1362874.525,1361314.591
2022/7/22,8,9,1,1.923716116,31.2500232,29.32630709,3062.3293,50524.18707,47461.85777
2022/7/23,5,6,1,0.504353256,20.45510976,19.9507565,771.4801877,31972.36904,31200.88886
2022/7/24,9,7,-2,0.569526422,725.8401056,725.2705792,912.9356934,1163989.066,1163076.13
2022/7/25,4,6,2,0.503424392,252.1457774,251.642353,767.0602939,381257.1155,380490.0552
2022/7/26,7,3,-4,0.452317604,40.07067615,39.61835854,624.0339875,57230.60569,56606.57171
2022/7/27,8,6,-2,0.346655112,30.85186208,30.50520697,527.7540906,47700.42059,47172.6665
2022/7/28,8,8,0,0.304256048,24.20434699,23.90009094,495.3719273,41709.53214,41214.16021
2022/7/29,10,11,1,8.942951592,689.3788304,680.4358788,15357.91717,1181561.063,1166203.146
2022/7/30,7,7,0,0.149169102,70.26509745,70.11592835,255.3474371,119339.7055,119084.358
2022/7/31,5,5,0,0.475998102,0.317905736,-0.158092366,811.7339306,544.7532169,-266.9807136
2022/8/1,8,11,3,3.15265321,107.8170919,104.6644387,5264.481088,179079.7195,173815.2384
2022/8/2,13,8,-5,1.763827788,65.05353302,63.28970523,2802.409906,107776.5077,104974.0978
2022/8/3,11,12,1,2.746666745,95.84275793,93.09609118,4473.948122,158719.5069,154245.5588
2022/8/4,11,4,-7,0.375349998,0.181076843,-0.194273155,606.98416,291.9445409,-315.0396191
2022/8/5,11,11,0,3.862151908,22.04515876,18.18300685,6448.286702,36876.46157,30428.17486
2022/8/6,9,10,1,1.390826232,5.457144842,4.06631861,2385.685992,9409.528247,7023.842255
2022/8/7,8,2,-6,0.490093658,0.014317534,-0.475776123,832.2265575,24.09610846,-808.1304491
2022/8/8,7,13,6,0.267258185,974.0638831,973.7966249,476.7198547,1720991.269,1720514.55
2022/8/9,12,14,2,2.32560187,529.4749991,527.1493972,4055.866833,937493.3785,933437.5117
2022/8/10,14,7,-7,3.339432275,2.427842149,-0.911590126,5745.724615,4067.089151,-1678.635464
2022/8/11,10,8,-2,4.436375607,2.9912553,-1.445120307,8446.921021,5701.961768,-2744.959253
2022/8/12,11,7,-4,3.614409179,1.825016007,-1.789393173,6831.373962,3452.494251,-3378.879711
2022/8/13,10,15,5,1.032441574,273.2049749,272.1725334,2058.246521,541561.6886,539503.442
2022/8/14,10,7,-3,1.975367295,11.29112408,9.31575678,3913.605206,22428.33054,18514.72533
2022/8/15,11,11,0,1.318494601,641.7078308,640.3893362,2530.84407,1278721.818,1276190.974
2022/8/16,15,9,-6,5.211513778,98.33641708,93.1249033,9816.146409,184271.8431,174455.6967
2022/8/17,8,9,1,0.661386979,58.69444568,58.0330587,1237.677173,107768.67,106530.9928
2022/8/18,6,7,1,0.233507396,624.209474,623.9759666,431.9400411,1154099.423,1153667.483
2022/8/19,7,8,1,0.390505175,69.45669555,69.06619038,694.2950843,125032.8451,124338.55
2022/8/20,7,5,-2,0.9712413,2.779712324,1.808471024,1504.012611,4461.236903,2957.224292
2022/8/21,9,10,1,3.561120696,9.402324725,5.841204029,5753.984166,15178.0907,9424.106532
2022/8/22,9,5,-4,2.441179535,38.33641298,35.89523344,3863.638822,60132.17949,56268.54067
2022/8/23,7,6,-1,1.163216269,3.703353163,2.540136894,1840.185876,5994.248132,4154.062256
2022/8/24,6,9,3,1.01106655,1.201901783,0.190835233,1680.983338,1989.064539,308.0812006
2022/8/25,9,11,2,0.769924794,1.324926837,0.555002043,1312.561662,2247.575259,935.0135967
2022/8/26,22,5,-17,1.684435261,0.370409588,-1.314025672,2755.566446,613.5492177,-2142.017229
2022/8/27,10,5,-5,1.091714675,3.197124731,2.105410056,1637.691123,4777.613303,3139.922181
2022/8/28,3,6,3,0.881949414,1.907279827,1.025330413,1300.664977,2835.479083,1534.814106
2022/8/29,9,3,-6,0.507336473,0.070561343,-0.43677513,738.7231854,107.7692573,-630.9539282
2022/8/30,13,11,-2,4.769322782,35.75203549,30.98271271,7454.071844,56002.58728,48548.51543
2022/8/31,4,7,3,0.064,244.2471881,244.1831881,101.69437,389676.4192,389574.7248
2022/9/1,7,6,-1,0.920544354,1.85822487,0.937680516,1439.043674,2894.013054,1454.969381
2022/9/2,5,9,4,1.186117181,12.69008886,11.50397167,1900.868153,20160.34845,18259.4803
2022/9/3,8,11,3,31.94091592,2.041447094,-29.89946883,49954.12426,3182.379985,-46771.74427
2022/9/4,7,7,0,1.229139472,34.21119497,32.9820555,1914.855752,53189.15322,51274.29747
2022/9/5,7,10,3,2.356668444,10.24741396,7.890745514,3744.470771,16270.52694,12526.05617
2022/9/6,15,12,-3,1.874277995,4.342283619,2.468005624,3076.702212,7102.260524,4025.558313
2022/9/7,6,7,1,0.090020684,5.846696914,5.75667623,139.7452773,9018.545469,8878.800191
2022/9/8,3,6,3,0.172938284,236.6337578,236.4608196,282.8985332,384824.1544,384541.2559
2022/9/9,8,10,2,5.776429469,377.6371538,371.8607243,9842.513634,638593.1417,628750.628
2022/9/10,7,9,2,3.42772694,7.577605138,4.149878198,5920.788622,13070.16644,7149.377819
2022/9/11,6,5,-1,1.97881913,35.2531903,33.27437117,3477.435175,62092.40028,58614.9651
2022/9/12,9,4,-5,3.674015736,23.69114558,20.01712985,6383.04802,41420.62252,35037.5745
2022/9/13,6,12,6,11.86185836,66.3632649,54.50140655,20374.57136,113981.6025,93607.03112
2022/9/14,10,15,5,0.515366526,15.37127088,14.85590436,828.6760977,24752.47453,23923.79843
2022/9/15,17,6,-11,2.304566225,3.130517727,0.825951502,3580.396692,4690.173122,1109.776429
2022/9/16,13,6,-7,1.601227927,6.424393675,4.823165748,2335.508204,9202.244046,6866.735843
2022/9/17,8,10,2,9.830039547,10.53581242,0.705772872,14374.06398,15126.78147,752.7174895
2022/9/18,9,6,-3,9.06423638,13.93996,4.875723616,12705.18151,19654.61285,6949.431339
2022/9/19,13,9,-4,3.99366698,225.9979282,222.0042613,5272.680478,297264.4733,291991.7928
2022/9/20,8,3,-5,0.780399,0.275705548,-0.504693452,1060.416526,379.333223,-681.0833033
2022/9/21,7,10,3,0.359,89.49874907,89.13974907,479.622199,119250.2298,118770.6076
2022/9/22,11,10,-1,6.500579544,236.1025356,229.601956,8298.70081,305174.2106,296875.5098
2022/9/23,14,6,-8,1.989141173,9.675170748,7.686029574,2625.815444,12777.464,10151.64856
2022/9/24,17,10,-7,5.125869475,19.74501999,14.61915052,6782.228806,26367.34073,19585.11193
2022/9/25,11,4,-7,5.275070609,3.886515644,-1.388554965,6858.414263,5156.617001,-1701.797262
2022/9/26,15,6,-9,0.927470141,3.666782107,2.739311966,1217.435889,4825.432176,3607.996287
2022/9/27,365,244,-121,252.764329,281.8976017,29.13327271,338783.3917,385537.0207,46753.62903
2022/9/28,228,61,-167,38.52714203,44.94692059,6.41977856,50574.63547,58900.18736,8325.551889
2022/9/29,153,68,-85,18.91056394,99.8998488,80.98928486,25203.35043,132489.6324,107286.282
2022/9/30,202,45,-157,55.91801344,73.22707007,17.30905663,74936.66297,98139.4061,23202.74313
2022/10/1,411,84,-327,355.4670311,98.89582822,-256.5712029,469039.4583,130907.4072,-338132.0512
2022/10/2,516,203,-313,562.1566449,411.2532148,-150.90343,734732.4542,537131.881,-197600.5733
2022/10/3,350,82,-268,230.9742727,142.2056389,-88.76863383,302445.2794,185176.4871,-117268.7923
2022/10/4,670,133,-537,578.4522441,455.0411595,-123.4110846,776466.1792,608260.5025,-168205.6768
2022/10/5,474,169,-305,547.0182227,588.5363685,41.51814586,733399.3248,789319.2592,55919.93435
2022/10/6,259,98,-161,299.6149082,251.0202697,-48.59463842,408651.8511,342620.739,-66031.11215
2022/10/7,313,101,-212,254.8390093,308.1254883,53.28647902,343258.9056,416483.3026,73224.39696
2022/10/8,104,48,-56,54.28472704,66.16852323,11.88379619,72115.66892,88006.32097,15890.65204
2022/10/9,27,85,58,5.23863717,98.78274098,93.54410381,6899.18584,130535.0581,123635.8722
2022/10/10,28,41,13,3.939214037,32.11969835,28.18048431,5210.258346,42154.00747,36943.74912
2022/10/11,53,72,19,18.36948365,116.9088877,98.5394041,23595.61411,149929.0066,126333.3925
2022/10/12,100,31,-69,65.30545665,70.0126958,4.70723915,84663.81162,90707.92524,6044.113626
2022/10/13,69,43,-26,58.66519871,65.09766752,6.432468803,73414.35789,81331.16483,7916.806936
2022/10/14,39,45,6,44.08423659,667.6113266,623.52709,58148.04977,883307.4406,825159.3908
2022/10/15,39,25,-14,38.53110226,12.407773,-26.12332926,49489.66283,15956.90775,-33532.75508
2022/10/16,39,25,-14,8.870244329,13.21774332,4.347498986,11416.27763,17033.5236,5617.245964
2022/10/17,50,31,-19,20.63337691,26.71599237,6.082615458,27235.36246,35153.2265,7917.864039
2022/10/18,38,25,-13,21.13657856,78.11596359,56.97938504,27984.04832,103455.2239,75471.17557
2022/10/19,70,39,-31,45.24039993,88.00440538,42.76400545,58788.08801,114524.8663,55736.77828
2022/10/20,52,19,-33,18.68303041,27.00345702,8.320426605,24099.03223,34750.30364,10651.27141
2022/10/21,25,25,0,9.06704403,16.63589984,7.568855808,11645.4662,21469.72687,9824.260674
2022/10/22,33,30,-3,19.42730344,49.37922923,29.95192579,25386.81802,64518.0173,39131.19928
2022/10/23,36,43,7,22.60937314,43.25309793,20.64372479,29745.52325,56798.31906,27052.79581
2022/10/24,25,19,-6,7.515354852,9.272093325,1.756738473,10093.61552,12448.36927,2354.753743
2022/10/25,33,23,-10,17.82663637,27.41781363,9.591177259,26001.01764,37445.3435,11444.32586
2022/10/26,27,40,13,6.452559925,1276.987163,1270.534603,9979.625167,1959809.935,1949830.31
2022/10/27,22,23,1,11.5733184,645.6090476,634.0357292,17928.65059,1009129.268,991200.6178
2022/10/28,25,30,5,12.27960375,1334.14039,1321.860786,18855.42963,2058273.477,2039418.047
2022/10/29,40,37,-3,19.59135735,69.15506492,49.56370757,31837.71837,111017.5388,79179.82042
2022/10/30,35,36,1,20.32892084,708.5905924,688.2616716,32677.14979,1154763.31,1122086.16
2022/10/31,79,59,-20,64.9935692,133.8221128,68.82854362,102249.9507,209824.5495,107574.5988
2022/11/1,57,37,-20,36.38911358,54.45086655,18.06175297,57653.99862,86352.01621,28698.01759
2022/11/2,36,38,2,13.64477668,271.8185511,258.1737744,21415.29909,422157.8182,400742.5191
2022/11/3,20,30,10,11.11859509,247.6054148,236.4868197,17251.77159,378066.5707,360814.7991
2022/11/4,26,24,-2,13.29696737,552.3369153,539.0399479,21114.52709,885716.3595,864601.8324
2022/11/5,38,27,-11,30.91403733,555.8581707,524.9441334,50638.03614,914784.7997,864146.7635
2022/11/6,34,29,-5,10.71364088,22.03870009,11.32505922,17316.09852,35624.60125,18308.50273
2022/11/7,63,22,-41,7.505766702,14.068026,6.562259293,11893.49443,22224.25885,10330.76441
2022/11/8,101,30,-71,38.14031023,541.7937068,503.6533966,53314.15352,823714.8138,770400.6603
2022/11/9,71,30,-41,19.70444594,244.6150421,224.9105962,24878.05184,303939.9864,279061.9346
2022/11/10,70,29,-41,64.94903554,223.9618882,159.0128527,79904.48976,266677.8328,186773.343
2022/11/11,69,28,-41,8.759100133,52.05540343,43.2963033,11025.69907,65658.20379,54632.50472
2022/11/12,53,23,-30,3.352955928,17.37271956,14.01976363,4207.192819,21888.10796,17680.91514
2022/11/13,33,28,-5,9.550335924,24.89456106,15.34422514,11829.79757,30896.31861,19066.52105
2022/11/14,57,25,-32,18.05475807,44.52492908,26.47017101,22217.56224,54874.6512,32657.08896
2022/11/15,122,20,-102,16.74531835,15.2721208,-1.473197546,21198.56067,19301.19731,-1897.363356
2022/11/16,126,29,-97,11.92888171,892.5691507,880.640269,14553.9171,1111903.836,1097349.919
2022/11/17,95,27,-68,8.985874204,105.1267832,96.14090905,10893.75067,127670.2129,116776.4623
2022/11/18,93,30,-63,4.929356509,7.333718268,2.404361759,5995.056514,8915.624161,2920.567647
2022/11/19,21,40,19,4.113542676,19.49359836,15.38005569,4979.271556,23568.1643,18588.89274
2022/11/20,24,40,16,7.397461731,44.43412369,37.03666196,8881.667684,53323.1422,44441.47452
2022/11/21,39,52,13,8.58302062,357.030797,348.4477764,9645.473587,401977.2277,392331.7541
2022/11/22,34,36,2,15.99161117,28.8826072,12.89099603,17981.84324,32055.50568,14073.66244
2022/11/23,21,29,8,2.230011197,694.1805336,691.9505224,2587.913933,809776.4572,807188.5432
2022/11/24,32,16,-16,6.184912691,24.59068462,18.40577193,7436.949475,29500.38954,22063.44006
2022/11/25,35,26,-9,38.31506275,578.9685244,540.6534616,45634.74643,692714.7139,647079.9675
2022/11/26,21,16,-5,35.60206498,24.6309022,-10.97116278,43400.3385,30014.09524,-13386.24326
2022/11/27,18,23,5,2.443473407,37.41341326,34.96993985,2969.334642,45400.35854,42431.0239
2022/11/28,20,27,7,4.137683949,93.88392704,89.74624309,4844.588893,110331.7791,105487.1902
2022/11/29,23,28,5,12.86242241,34.76992804,21.90750563,15548.86967,41880.14385,26331.27418
2022/11/30,27,24,-3,4.951325468,233.0246623,228.0733368,6356.924804,295364.2657,289007.3409
2022/12/1,23,21,-2,2.588311183,17.87305346,15.28474228,3328.189577,22865.20218,19537.0126
2022/12/2,28,23,-5,4.753343329,166.4927108,161.7393675,6079.53686,213884.3127,207804.7759
2022/12/3,49,32,-17,4.64971988,30.71038792,26.06066804,5915.553175,39457.74043,33542.18725
2022/12/4,34,32,-2,7.831766708,89.43809641,81.6063297,9878.502442,112473.8256,102595.3232
2022/12/5,37,34,-3,2.042071292,163.2523178,161.2102465,2628.110514,210484.9038,207856.7932
2022/12/6,24,28,4,5.697081779,33.94298103,28.24589925,7176.994385,42735.0258,35558.03142
2022/12/7,21,30,9,3.645947188,131.6890863,128.0431391,4502.548081,162218.6671,157716.119
2022/12/8,24,26,2,8.04694868,26.14019018,18.09324149,10000.55325,32333.8389,22333.28565
2022/12/9,31,16,-15,16.45676457,28.0794432,11.62267863,20967.21985,35812.00228,14844.78243
2022/12/10,16,26,10,11.75423657,28.73040968,16.97617311,14903.00662,36465.22823,21562.22161
2022/12/11,11,24,13,0.915761684,13.90713579,12.99137411,1163.053004,17689.48584,16526.43284
2022/12/12,24,17,-7,7.15307181,17.38953329,10.23646148,8942.626997,21786.83378,12844.20678
2022/12/13,19,19,0,2.631913648,23.40797776,20.77606411,3418.900073,30588.38668,27169.48661
2022/12/14,16,21,5,3.564741409,19.48092055,15.91617914,4733.749952,25886.76879,21153.01883
2022/12/15,23,19,-4,4.616144144,249.4941204,244.8779762,5879.04062,326450.5449,320571.5043
2022/12/16,27,28,1,4.162876136,39.61449085,35.45161471,5088.008306,47227.53257,42139.52426
2022/12/17,23,27,4,4.823869495,288.2382519,283.4143824,5682.561622,337487.9374,331805.3758
2022/12/18,6,5,-1,0.856454731,4.964885735,4.108431004,1011.481015,5868.484679,4857.003664
2022/12/19,12,10,-2,3.294934603,6.601334774,3.306400172,3894.193556,7807.846412,3913.652856
2022/12/20,12,15,3,1.362220646,14.88672402,13.52450338,1642.960337,18043.79089,16400.83055
2022/12/21,21,17,-4,1.992559303,8.890777285,6.898217982,2415.055656,10792.02062,8376.964963
2022/12/22,49,38,-11,6.987160734,82.24396171,75.25680098,8442.827411,98087.85167,89645.02426
2022/12/23,38,23,-15,2.150541284,101.1356117,98.98507044,2623.308658,123765.2322,121141.9235
2022/12/24,18,21,3,0.799503315,2.619121957,1.819618642,975.2888538,3195.552739,2220.263885
2022/12/25,16,19,3,2.210065303,1.792000619,-0.418064684,2687.161681,2187.397556,-499.7641248
2022/12/26,21,15,-6,1.187156889,6.400196603,5.213039714,1447.065327,7794.804948,6347.739621
2022/12/27,10,21,11,1.831892059,6.861099259,5.0292072,2236.614092,8346.848588,6110.234497
2022/12/28,16,16,0,2.334622801,173.5269567,171.1923339,2800.230459,207122.6077,204322.3772
2022/12/29,13,15,2,1.347622712,161.4585445,160.1109218,1617.432072,193248.4008,191630.9687
2022/12/30,9,10,1,1.059164556,4.004464157,2.945299601,1267.004771,4784.657835,3517.653064
2022/12/31,10,14,4,1.62529663,4.088510098,2.463213468,1949.010528,4897.43051,2948.419982
2023/1/1,10,13,3,0.675320179,1.09618399,0.420863811,808.5189284,1311.909745,503.390817
2023/1/2,14,11,-3,2.177359381,4.00272198,1.825362599,2626.840064,4851.339861,2224.499797
2023/1/3,5,17,12,1.067359702,24.10502588,23.03766617,1298.446651,29205.41807,27906.97142
2023/1/4,18,15,-3,3.291630052,27.01475965,23.7231296,4114.482439,33864.11018,29749.62774
2023/1/5,17,23,6,6.985135395,14.96092166,7.975786268,8745.867263,18734.34928,9988.482013
2023/1/6,31,33,2,53.88948117,71.04685601,17.15737484,67622.09235,88879.29733,21257.20498
2023/1/7,32,27,-5,35.93011693,27.04265722,-8.887459704,45482.34149,34234.81271,-11247.52878
2023/1/8,32,27,-5,17.1483078,20.61362861,3.465320808,21766.61941,26243.9264,4477.306988
2023/1/9,41,39,-2,37.05120501,733.5336578,696.4824528,48714.16717,953737.8492,905023.682
2023/1/10,37,27,-10,50.37250353,655.1374419,604.7649383,66773.57539,877544.7853,810771.2099
2023/1/11,38,29,-9,37.64959029,24.94654281,-12.70304748,50290.10577,33323.94875,-16966.15702
2023/1/12,46,28,-18,58.55464506,911.9819265,853.4272815,81629.64381,1286764.595,1205134.951
2023/1/13,21,18,-3,11.85025628,11.15690208,-0.6933542,16759.82943,15772.87148,-986.9579499
2023/1/14,37,18,-19,62.05459916,1462.317857,1400.263258,95765.16112,2256523.012,2160757.851
2023/1/15,34,37,3,463.6597969,919.7564423,456.0966454,706517.6844,1405053.481,698535.7966
2023/1/16,37,28,-9,475.4720378,304.1746579,-171.29738,736861.5843,469868.5797,-266993.0046
2023/1/17,32,36,4,23.94092338,33.98134821,10.04042483,37631.70859,53441.79805,15810.08946
2023/1/18,29,20,-9,154.3927392,181.7030959,27.31035678,243846.5326,286990.7996,43144.26698
2023/1/19,30,24,-6,33.77725992,44.9123432,11.13508328,51353.22335,68355.65647,17002.43312
2023/1/20,29,12,-17,44.69100564,20.29396316,-24.39704248,69479.75586,31676.0638,-37803.69207
2023/1/21,34,24,-10,24.63206578,16.56507214,-8.066993645,40701.24398,27349.86287,-13351.3811
2023/1/22,26,22,-4,22.25480913,26.82113443,4.566325301,36266.36204,43724.13689,7457.774848
2023/1/23,31,30,-1,11.85411614,20.6971867,8.843070555,19367.64045,33762.46994,14394.82949
2023/1/24,38,34,-4,25.31082296,26.72733496,1.416511992,40403.70478,43321.46132,2917.756535
2023/1/25,31,21,-10,67.17228324,32.90302982,-34.26925342,104067.4705,50945.60945,-53121.86102
2023/1/26,31,24,-7,10.93334913,14.8489393,3.915590174,17628.59064,23912.69385,6284.103208
2023/1/27,23,21,-2,14.52112584,14.22491402,-0.296211815,23101.77439,22631.67742,-470.0969713
2023/1/28,34,28,-6,23.30753196,14.01310545,-9.294426509,37059.95783,22194.54026,-14865.41757
2023/1/29,28,26,-2,38.08714889,45.11014501,7.022996116,61289.07691,72467.55349,11178.47658
2023/1/30,36,29,-7,48.03657096,32.03445963,-16.00211134,77834.06276,50911.75356,-26922.30919
2023/1/31,26,19,-7,16.83954363,59.26509208,42.42554845,26626.84008,93522.6932,66895.85312
2023/2/1,81,70,-11,40.39575234,44.35157866,3.95582632,63873.09901,71004.15013,7131.051121
2023/2/2,58,44,-14,80.96786347,79.82785354,-1.140009926,134984.2303,132938.6955,-2045.534731
2023/2/3,52,44,-8,116.1851386,196.9451824,80.76004376,191863.9429,324727.7495,132863.8065
2023/2/4,44,50,6,114.865463,193.3868475,78.52138443,191400.884,322143.2225,130742.3385
2023/2/5,74,75,1,135.3084208,150.6245341,15.31611329,223975.637,247956.4951,23980.85806
2023/2/6,52,40,-12,63.61266678,105.424829,41.81216221,104148.1387,172556.9435,68408.80478
2023/2/7,64,46,-18,154.4131545,266.1548982,111.7417437,252689.6271,435616.7757,182927.1487
2023/2/8,62,47,-15,117.8422758,131.7687827,13.92650687,195971.3237,219829.5552,23858.23152
2023/2/9,50,41,-9,75.47733003,98.86750461,23.39017458,122026.0887,159607.5699,37581.48116
2023/2/10,46,42,-4,36.34321364,119.6023113,83.25909767,55887.98655,183626.352,127738.3654
2023/2/11,49,29,-20,25.75503293,42.70939521,16.95436227,39156.97694,64923.13407,25766.15712
2023/2/12,60,49,-11,53.42976465,82.29193617,28.86217151,81931.36961,126248.1503,44316.78067
2023/2/13,37,32,-5,34.25890964,62.38901255,28.13010291,50886.43405,92993.95591,42107.52186
2023/2/14,49,55,6,57.26383079,94.29189604,37.02806525,87746.04818,144596.0206,56849.97241
2023/2/15,56,52,-4,73.0006296,144.9206677,71.92003806,114475.0651,227419.623,112944.558
2023/2/16,58,56,-2,115.5131689,149.0147897,33.50162081,193615.0413,250827.6252,57212.58387
2023/2/17,58,43,-15,111.1018671,110.7755907,-0.326276341,184329.9651,184593.3205,263.3554028
2023/2/18,48,46,-2,106.9274247,94.99058772,-11.93683702,181279.847,161134.1475,-20145.69947
2023/2/19,56,50,-6,238.6711711,472.8549317,234.1837605,405011.5438,801247.282,396235.7382
2023/2/20,57,43,-14,159.7377382,149.3611336,-10.37660457,270411.3956,253409.8228,-17001.57286
2023/2/21,75,55,-20,139.3197393,556.8127418,417.4930024,234713.5155,945012.7347,710299.2192
2023/2/22,60,46,-14,180.5154999,214.2204894,33.70498954,295869.014,350478.9729,54609.95895
2023/2/23,69,48,-21,63.14267923,70.7503041,7.607624868,104705.1881,116969.7789,12264.59081
2023/2/24,47,38,-9,57.46532308,42.98100756,-14.48431552,94148.82559,70570.96782,-23577.85777
2023/2/25,41,28,-13,32.95799396,43.98201448,11.02402052,52709.45645,70333.94538,17624.48893
2023/2/26,53,25,-28,72.03466832,43.66798342,-28.3666849,115398.2478,69910.61661,-45487.6312
2023/2/27,41,24,-17,31.8636274,32.41489735,0.551269951,52217.6,53000.8848,783.2848024
2023/2/28,63,45,-18,97.99367922,99.51135023,1.517671007,159568.4996,162178.0423,2609.542695
2023/3/1,93,61,-32,120.0434398,98.88592568,-21.15751411,197286.9349,162815.1974,-34471.73753
2023/3/2,57,38,-19,100.1473851,135.3593859,35.21200077,164747.2036,222521.9119,57774.70833
2023/3/3,51,28,-23,24.44322548,23.13691098,-1.306314499,38343.51486,36343.21507,-2000.299792
2023/3/4,55,36,-19,25.84667624,37.99534137,12.14866514,40568.05951,59579.03403,19010.97452
2023/3/5,48,38,-10,21.4230456,47.0760297,25.65298411,33693.14465,74041.66305,40348.5184
2023/3/6,38,34,-4,24.28835308,42.94149059,18.65313751,38062.86207,67176.4762,29113.61413
2023/3/7,85,53,-32,89.40075712,93.55783693,4.157079811,140123.6575,146549.0338,6425.376294
2023/3/8,37,41,4,83.88544127,52.77790943,-31.10753183,130495.4267,82342.45621,-48152.97045
2023/3/9,60,50,-10,117.3973548,320.0625624,202.6652076,179735.454,481099.6358,301364.1818
2023/3/10,63,45,-18,38.68332154,49.4775054,10.79418386,54402.28825,69816.2127,15413.92445
2023/3/11,28,25,-3,67.08152774,339.3892372,272.3077095,96480.83728,492088.0744,395607.2371
2023/3/12,65,36,-29,65.05465351,303.4710187,238.4163652,95658.16875,451673.3839,356015.2152
2023/3/13,56,49,-7,192.6953404,592.4223468,399.7270064,310103.9262,964611.6116,654507.6854
2023/3/14,64,40,-24,79.27125405,86.28783135,7.016577297,136330.7266,148316.6965,11985.96986
2023/3/15,66,37,-29,142.741091,257.089149,114.348058,242089.5929,436406.7186,194317.1256
2023/3/16,86,52,-34,154.4460219,60.24215796,-94.2038639,257832.4309,100126.9505,-157705.4804
2023/3/17,73,46,-27,69.41542027,100.089421,30.6740007,120872.3034,173854.2537,52981.95036
2023/3/18,54,35,-19,126.742484,124.0234647,-2.71901923,230524.76,224517.3635,-6007.396461
2023/3/19,47,38,-9,50.23357964,45.31602417,-4.917555469,90130.84737,81339.08613,-8791.761244
2023/3/20,62,47,-15,108.5241803,107.6781903,-0.845990038,193119.1682,191322.0118,-1797.156392
2023/3/21,68,32,-36,46.70834824,49.20337275,2.495024508,83006.71751,89069.62621,6062.908705
2023/3/22,77,57,-20,128.0724026,52.78446757,-75.28793507,230404.1953,94057.92445,-136346.2708
2023/3/23,84,46,-38,71.11978027,103.5026167,32.38283646,126314.112,184095.7838,57781.67183
2023/3/24,63,45,-18,41.51396039,136.7569849,95.24302453,75037.68186,244838.129,169800.4472
2023/3/25,62,47,-15,83.08558346,81.8363848,-1.249198651,146396.0846,144223.55,-2172.534562
2023/3/26,58,40,-18,77.80840489,114.2506604,36.44225552,137580.6025,202044.5257,64463.92314
2023/3/27,60,55,-5,105.8808491,101.387671,-4.493178045,186514.5844,178497.389,-8017.195448
2023/3/28,58,33,-25,87.0349253,100.3787051,13.34377985,150467.7101,174486.9442,24019.23407
2023/3/29,58,35,-23,59.57948615,65.11381093,5.534324789,107390.4187,117530.4763,10140.05762
2023/3/30,73,50,-23,133.3877364,159.8678146,26.4800782,240043.3883,287149.6959,47106.30758
2023/3/31,64,38,-26,74.89409166,41.10792853,-33.78616313,135254.5794,74539.20806,-60715.37132
2023/4/1,54,39,-15,99.8818557,111.2641131,11.38225744,182519.9465,203157.2629,20637.3164
2023/4/2,56,47,-9,56.58872408,124.2065891,67.61786498,102489.802,225646.1903,123156.3884
2023/4/3,54,31,-23,64.77568121,60.4700185,-4.305662715,116083.9492,108577.1063,-7506.842917
2023/4/4,58,51,-7,59.38310952,67.8609373,8.477827776,109030.624,124911.6793,15881.05529
2023/4/5,65,47,-18,88.76838371,142.4278454,53.65946174,169181.7232,271371.9943,102190.2711
2023/4/6,74,49,-25,97.82866017,77.36010898,-20.46855119,184641.3743,145703.0731,-38938.30117
2023/4/7,56,45,-11,67.30774659,33.26722789,-34.0405187,126058.0519,62019.36342,-64038.68845
2023/4/8,65,40,-25,49.0276545,28.63943051,-20.38822399,91536.5939,53471.12185,-38065.47205
2023/4/9,43,34,-9,27.21628398,10.97527544,-16.24100854,50085.17969,20219.71161,-29865.46807
2023/4/10,62,54,-8,53.58670801,33.60689793,-19.97981008,99989.83899,62894.78313,-37095.05585
2023/4/11,49,34,-15,42.21019997,27.5469003,-14.66329967,80900.74178,52730.95049,-28169.79129
2023/4/12,63,41,-22,69.84291432,293.9418931,224.0989788,132480.0608,550600.4166,418120.3558
2023/4/13,68,54,-14,55.38675059,153.7939225,98.40717194,109209.7444,299120.328,189910.5836
2023/4/14,57,36,-21,67.16331432,120.0446071,52.88129282,140301.6745,245710.6826,105409.0081
2023/4/15,59,50,-9,63.46125418,71.89690971,8.435655531,133104.89,150814.1966,17709.30668
2023/4/16,64,41,-23,70.42417726,84.66444661,14.24026936,147617.7455,177184.9673,29567.2218
2023/4/17,71,44,-27,155.0675186,105.5795376,-49.48798091,323630.5459,220782.5407,-102848.0052
2023/4/18,101,55,-46,256.3422708,187.1715107,-69.17076005,537213.5759,391768.7767,-145444.7992
2023/4/19,216,80,-136,178.7568689,210.3214311,31.56456223,365856.9802,427065.745,61208.76488
2023/4/20,148,75,-73,175.0686103,181.9673595,6.898749203,341708.3177,355030.3119,13321.99427
2023/4/21,130,57,-73,116.5673021,133.1148033,16.54750118,223295.4778,254425.8554,31130.37759
2023/4/22,88,63,-25,101.5459035,87.76503374,-13.78086973,188659.3971,163427.5761,-25231.82103
2023/4/23,116,62,-54,137.0049382,78.23885363,-58.76608462,255711.4014,145982.0559,-109729.3455
2023/4/24,93,53,-40,112.0952238,194.656072,82.56084814,206977.94,359286.311,152308.371
2023/4/25,86,55,-31,128.9784795,124.8723021,-4.106177434,235510.9329,228003.1023,-7507.830528
2023/4/26,75,49,-26,120.768901,124.8436642,4.074763206,231446.5705,238116.7534,6670.182849
2023/4/27,78,48,-30,65.60291648,89.26148103,23.65856455,124794.0509,169408.774,44614.72307
2023/4/28,65,38,-27,111.2424431,103.9375393,-7.304903704,212075.6546,198287.3896,-13788.26503
2023/4/29,85,36,-49,145.3667305,91.93404078,-53.43268969,276951.8092,175105.6155,-101846.1937
2023/4/30,104,84,-20,197.7341418,210.5753497,12.84120785,377139.7369,402970.3795,25830.64264
2023/5/1,195,109,-86,285.2237167,360.5386693,75.31495254,526695.3851,664429.6202,137734.2351
2023/5/2,127,98,-29,187.2960026,352.6226329,165.3266304,343791.942,647559.3498,303767.4079
2023/5/3,129,66,-63,250.3140078,238.7881442,-11.52586361,466905.7291,445601.5849,-21304.1442
2023/5/4,146,84,-62,388.6899038,393.2149659,4.525062025,738431.7451,746974.3653,8542.6202
2023/5/5,277,176,-101,923.3456497,1746.210761,822.8651109,1772596.522,3348719.171,1576122.648
2023/5/6,175,131,-44,770.4014903,946.9048242,176.5033339,1484952.166,1826740.476,341788.3098
2023/5/7,123,113,-10,728.5467926,861.6233221,133.0765295,1393024.729,1646380.213,253355.4843
2023/5/8,150,113,-37,631.548549,780.1694468,148.6208978,1176514.764,1451542.716,275027.9514
2023/5/9,152,100,-52,692.2530731,794.7582846,102.5052115,1275888.476,1464748.542,188860.0658
2023/5/10,136,99,-37,271.3103827,373.4527676,102.1423849,501443.4225,691540.3333,190096.9108
2023/5/11,265,208,-57,472.6415619,643.9092925,171.2677306,860295.5391,1173364.178,313068.6392
2023/5/12,134,132,-2,340.6321554,397.0944475,56.46229207,603243.0196,703480.3363,100237.3168
2023/5/13,180,121,-59,175.3499551,249.3616278,74.0116727,316101.7716,449867.7659,133765.9943
2023/5/14,211,132,-79,184.6843077,161.4250903,-23.25921739,333004.9618,291097.8934,-41907.06845
2023/5/15,177,128,-49,178.6749495,235.9999351,57.32498565,325672.4726,430549.5779,104877.1053
2023/5/16,149,122,-27,144.7410945,256.3592262,111.6181317,262880.3977,465349.7195,202469.3219
2023/5/17,200,143,-57,417.4928504,497.2240151,79.73116475,758257.8119,902479.7422,144221.9303
2023/5/18,272,182,-90,363.547743,434.3817868,70.83404376,658774.5722,787256.8789,128482.3067
2023/5/19,349,252,-97,339.5328533,370.3512538,30.81840051,613876.2261,670074.025,56197.79891
2023/5/20,394,270,-124,460.884666,506.2181579,45.33349188,836246.0679,918596.7702,82350.70236
2023/5/21,453,351,-102,843.5004979,843.8056121,0.305114184,1529636.12,1530163.151,527.0303048
2023/5/22,467,402,-65,1360.54757,1421.919301,61.37173046,2463923.652,2575710.388,111786.7366
2023/5/23,529,426,-103,1297.083226,1450.56507,153.4818431,2399930.694,2684641.489,284710.7951
2023/5/24,411,371,-40,717.0478913,650.3639024,-66.68398888,1300995.098,1178997.449,-121997.6489
2023/5/25,358,293,-65,646.781852,653.959529,7.177676982,1156117.569,1169064.324,12946.75537
2023/5/26,430,359,-71,699.883327,759.1733898,59.29006282,1269838.854,1378216.302,108377.4477
2023/5/27,438,368,-70,474.3234497,515.5440064,41.22055667,866881.1682,942474.7461,75593.57794
2023/5/28,313,296,-17,265.4044224,275.4777487,10.07332629,492150.525,510675.1769,18524.65182
2023/5/29,262,261,-1,237.5588394,301.4471525,63.88831317,452066.4046,573586.5737,121520.1691
2023/5/30,239,185,-54,182.0114628,218.4375464,36.42608357,345838.9466,415589.3218,69750.37519
2023/5/31,195,159,-36,246.4142986,195.8140352,-50.60026346,461140.5088,366974.9211,-94165.58764
2023/6/1,313,241,-72,306.1205225,326.5920529,20.47153042,569815.9846,609210.9764,39394.99185
2023/6/2,241,195,-46,369.5024923,190.2539355,-179.2485568,696019.2378,359138.1569,-336881.0809
2023/6/3,213,172,-41,306.0026253,145.3093201,-160.6933051,582023.6833,276275.7898,-305747.8935
2023/6/4,360,284,-76,543.2177923,239.3597261,-303.8580662,1032407.775,455185.0568,-577222.7178
2023/6/5,372,297,-75,639.7146476,298.5698817,-341.1447658,1184769.554,555434.2889,-629335.2649
2023/6/6,348,298,-50,611.9407046,431.3532243,-180.5874803,1119516.15,791136.5132,-328379.6368
2023/6/7,259,246,-13,620.0416505,753.7065064,133.664856,1159956.496,1413032.199,253075.7028
2023/6/8,279,242,-37,366.5617481,278.8138353,-87.74791279,675240.8221,513712.5508,-161528.2713
2023/6/9,197,181,-16,200.0897112,213.0677354,12.9780242,368518.2025,392529.5101,24011.30762
2023/6/10,221,166,-55,252.983679,234.4047858,-18.57889315,446826.5778,417022.0718,-29804.50603
2023/6/11,170,142,-28,173.4999216,185.1824047,11.68248311,303917.2598,324498.1969,20580.93718
2023/6/12,209,170,-39,155.6669491,225.5410393,69.87409025,271254.2492,393222.7348,121968.4856
2023/6/13,223,137,-86,160.0345456,137.1582281,-22.87631756,279132.6131,239066.9342,-40065.67887
2023/6/14,303,209,-94,212.2266772,187.0483615,-25.17831568,367429.0615,324430.9884,-42998.07307
2023/6/15,196,169,-27,113.7940908,145.625045,31.83095413,187394.7144,239783.8285,52389.11411
2023/6/16,177,156,-21,153.6619289,180.5222377,26.86030875,257674.3474,306316.5214,48642.17406
2023/6/17,155,161,6,171.2439168,124.7557634,-46.4881534,296629.1492,216350.9621,-80278.18707
2023/6/18,162,124,-38,149.5698741,88.10972237,-61.46015175,258967.7744,152557.7689,-106410.0055
2023/6/19,153,152,-1,132.0169187,141.590811,9.57389226,227691.1678,244100.1116,16408.94384
2023/6/20,145,123,-22,119.2231323,101.3491173,-17.87401506,206495.5985,176141.7743,-30353.82428
2023/6/21,190,122,-68,121.8312026,129.3733404,7.542137797,223339.0176,237426.9088,14087.89119
2023/6/22,144,116,-28,183.0618799,99.90668403,-83.15519592,348357.6825,189347.589,-159010.0935
2023/6/23,139,149,10,179.8964417,146.0535997,-33.84284201,339692.3158,276306.299,-63386.01687
2023/6/24,112,105,-7,216.0197342,129.7180005,-86.30173377,407357.6862,244690.1264,-162667.5598
2023/6/25,171,121,-50,115.1289929,100.1080558,-15.02093706,218332.192,189766.646,-28565.54604
2023/6/26,137,121,-16,127.808978,110.2475882,-17.56138979,239970.9164,206631.4919,-33339.42452
2023/6/27,199,149,-50,256.0361303,194.2967308,-61.73939948,481317.8342,364835.2579,-116482.5763
2023/6/28,151,132,-19,125.2692014,102.7229315,-22.54626993,232725.2223,191419.088,-41306.13425
2023/6/29,119,157,38,115.1732318,112.2302955,-2.942936244,213438.715,207769.3907,-5669.324305
2023/6/30,127,140,13,119.8513977,138.7054718,18.85407405,225031.8692,260982.7645,35950.89523
2023/7/1,112,136,24,138.5132646,68.22131653,-70.29194812,266222.6651,131121.8514,-135100.8137
