number,hash,parent_hash,nonce,sha3_uncles,logs_bloom,transactions_root,state_root,receipts_root,miner,difficulty,total_difficulty,size,extra_data,gas_limit,gas_used,timestamp,transaction_count,base_fee_per_gas,withdrawals_root,withdrawals
15943055,0x73a79e0037cb6733b4261caea1cebe172d57642e7b9f79370e24889c509996c3,0x4b9c2bb9bb591f74eca10e654baf0bd4b577028badfeebd741acd5e449fe1074,0x0000000000000000,0x1dcc4de8dec75d7aab85b567b6ccd41ad312451b948a7413f0a142fd40d49347,0x802000000500c0049411002380000220500008000008880002000102040001000006010200060000020018000a0505a4020800400842291082081212002421000460044008400209581200080000602014000080004423400800240088000840000000200203000000100004c08028010000005046000700004000100048420422000318020211110208000000220020050284010180004840218261009208208a8000040c802000040040c000000000801010400880800200e00822000800000550400ac0000a18000a0000004200800080004000680018000509060000600040312000000019020000108004081a0000080000004800c00020080800011403,0x15bca67d76ef58bcf95328fdf2859ab0b0a909fbc1e1efa16cd87329626ff6a7,0xdc3ef87bbc7d0633c91baac305d7b453414268d652c399ca99f16fd2b8409b67,0xa8d56793019f6367758fa849e7f007cdf33a2dc3caa5ce4d8d2f7af96bf39d22,0x1db3439a222c519ab44bb1144fc28167b4fa6ee6,0,58750003716598352816469,8778,0x,30000000,2234563,1668124739,24,14965984466,,
15943056,0x6e1db465fffbfa3d916da38b9d4cbc040bf4f7081022b0b0b9e91116bb27173b,0x73a79e0037cb6733b4261caea1cebe172d57642e7b9f79370e24889c509996c3,0x0000000000000000,0x1dcc4de8dec75d7aab85b567b6ccd41ad312451b948a7413f0a142fd40d49347,0x27a38270e7921bc1b299409092a2d2294cf1a701492d1850618935bccd0edbadf0cd3d20c508facbd458db1866a7d5a97a7b48690e07ba2d16df9d7b95eda4b4d520c8fc9ff7c3ae7f8b078dd74478a200274821876cde9b41b31e6889448d92c6cc2e3a2a6ff6c28c458c0a8873ead3cb359c54e00d0f87c6da1cd1410e0554187aeb96864a11fa45da04582b3856845c71bf41230c714a6e27a66856f018468ff39903dd42623c261d42c54921038881b8e14084a36aaa886306cec69c5b0d459985d6990633f55e4ca1f3aa1edc1638ebb0c55d9a129c064c2f2b90457d695033b8088906174321a657cd373f28998da48a0b89eeb846182eb8b251a6d0b2,0x32a9240af64e08d0087cac59acfc291e6d01d79861b814dd0aaaddfa9f036731,0x22ce70f58370667a4d2440ead12162b49980481b5b2e0174b082c52e7b3dbe75,0x240d41e6a278a5728dbd4a4cf1a76d3789584d9a24dfa76595569daddb793a16,0xdafea492d9c6733ae3d56b7ed1adb60692c98bc5,0,58750003716598352816469,45391,0x496c6c756d696e61746520446d6f63726174697a6520447374726962757465,30000000,29984657,1668124751,131,13373923368,,
15943057,0x74dfd174899f0676a9222ce4afa274ebef50e4a949c49b795c192113d7411b1c,0x6e1db465fffbfa3d916da38b9d4cbc040bf4f7081022b0b0b9e91116bb27173b,0x0000000000000000,0x1dcc4de8dec75d7aab85b567b6ccd41ad312451b948a7413f0a142fd40d49347,0xb5a9d38c4b995ea4429d3f7ca6717f3f1da26debd1ba571df95fbf957df9d9d65cac0bbf959e381440d08f1fdb85f933c739a36e1bc9b03dfe7f6279bcfeeb6f5beac35cd051f22fffad133af911e5fa06d49c9ed7e55756dad7fdf9cee639a51fc0741a4eafcccbc00d3090c9beea71be92e079ef1c4ff42733ebdfdadb9c7c7eb7eda9b77ff170854bfc7cf89366269d63ad897765b39c3e7a3f754df4087edfce8707f3e3ec063f8fecdbfd96b9d7ed74baf5fffbd3ee997f1e76a7dc3b16ef5dece7efce6bf35fce43fb4feb5179dbf61268f6fa911097adfbff7d7d73c95c3fbb898f54e999257f7435ddadbbf11699b480de0f8dd8cbec88d9f661719b,0xa579f3c3e9ba19e6518f9d2cc2259f9d486ed8d7dc242b46e1dea9f1ee2e94a8,0x87b214f0c47df9ad1ef26d40833af1953b0b73c25961ec42211442a91ab1e521,0xcb7a50c163474e50ad1ac79805e1087d38bebc3f327658de6ed11f4c0dde4ecc,0x690b9a9e9aa1c9db991c7721a92d351db4fac990,0,58750003716598352816469,86700,0x6279206275696c64657230783639,30000000,24426282,1668124763,210,15043953821,,
15943058,0x7a5a9cbae5ca01837ab28438cd7f627d47caeff99cac971b5b70eb7a1002080d,0x74dfd174899f0676a9222ce4afa274ebef50e4a949c49b795c192113d7411b1c,0x0000000000000000,0x1dcc4de8dec75d7aab85b567b6ccd41ad312451b948a7413f0a142fd40d49347,0x9df0711ac30d7080324a42c0c1b1592f00098801558e0ba4d63b2d005eb24b66391b052c2601970c50c23f218800714c0b08c0ecda80eda6acc440401822e507ad8102086a1380cf6ee3140a4a0c61e9598814842848b20194d21d4199c0213012824810369a2162d375ffa0c8b01a1de019cd70300844dc42e34a7198fdf0611ba093b2065b91410cc96d41119254e75f03043123c0da78606ac54400381a329ee80bc3078060079b0961c24ca5cd8a64cc481064c34057196d0a52009a4004675ca4c2ec918b41012a0c03815f500c88b71aca122aa4bc11c27d82ea9c7a7901bbf0891a30180b1436dce9f0321b910e0a0000f41b15c183ad99c4c2215109,0x93c0fb692c5dd0886df218d41873137f60da08fbad37413816752e18181c7244,0x6c5da77d72bbd9a9432b65c1b0039c57afcdb108baf9619faea93a6d35691fe8,0x8c9ae40253748566be1338dfa39d9677b08d03607f16b937b0d6812cc40a37ba,0x690b9a9e9aa1c9db991c7721a92d351db4fac990,0,58750003716598352816469,44243,0x6279206275696c64657230783639,30000000,10241383,1668124775,138,16225691746,,
15943059,0x1f5f42f650849ee984a5be9bfbb7847772a0aee227628c41e70b531122c686e8,0x7a5a9cbae5ca01837ab28438cd7f627d47caeff99cac971b5b70eb7a1002080d,0x0000000000000000,0x1dcc4de8dec75d7aab85b567b6ccd41ad312451b948a7413f0a142fd40d49347,0x6a6913944081d8a012c8c240b168922318e150624a88400022a914443e52993b08080728010c71084360b3124717212a0701401c180df8a942b21e1811e4a1256041599801130029fa86124ae31240aa0287949145e513485ef63c6ccbc2b0b316e054108202888215498e507a900fd162302c2a787ea6250282c3b298cb0045af84e39bf69e3a1004598c4081020d1e09050d036f72a86c7c2c93690934ca108ee8010b06887504d06940f2d13f861a0965d8208231a04601ed566610a529101d11a62668d9b3760d836023c20e1064c9d02a5980aa481480360b4289416a858073ea888928886509148ce010112b912418182ae45942f0ea481e1cf1231000,0xa3bfdbea2d0a59f81fe51adb212323d90db18f4590213d9545cb789741205b39,0x0ec8696f5883292bb61ab6d1cabfce41c91720570f6e6a05ca4ad7b67b0807ed,0x370c47cb77d8ee8eb8e4de3c41966388429f6879990920d6d156019417bc835c,0x690b9a9e9aa1c9db991c7721a92d351db4fac990,0,58750003716598352816469,71327,0x6275696c64657230783639,30000000,12225309,1668124787,115,15582259642,,
15943060,0x95e7355fbcaf2f166da43eb81eff8aed41f69a8f007b4339883b4056a6fffc1e,0x1f5f42f650849ee984a5be9bfbb7847772a0aee227628c41e70b531122c686e8,0x0000000000000000,0x1dcc4de8dec75d7aab85b567b6ccd41ad312451b948a7413f0a142fd40d49347,0x14b5686205821191213c3329a2902625042a540c45890ab5113dec5f1c80183409478200504360a0403a0c1e8345a5a72f2987044a12e869b7181592416aa74502c4a13a5613c0387841c22d53116863e6d404a894c006c354b23ecdca59299012018280960f2409280e742c548a6ac5013004000c141740a48bd0d3045c62150a80910a6a32105100c9151d41601e7501038e116341d4b80ab480f400914804ee9d011504c17c0a648340f4ac1cb7c8027102c34832e0ca0263068220081114f70ab42649861b590e16cad11e676a0589223ac0160a2038906c892794e1780160bc380858941a80e10c14886a0d9a991548082e492a14c080029d4510b33803,0xc44c3572012f0f99b64a593a5a9bf98afdf57bce47b7e73ab30f0cd88244fca7,0xa70376ec9fb4204ccfeec789171881a320fc7bbecce7b212a79860eae1d5809d,0x0bda443c6d9fa83291cfe80c9a647548e76fac0ad1c73e3f2e65b61cbca9b1dc,0x473780deaf4a2ac070bbba936b0cdefe7f267dfc,0,58750003716598352816469,58879,0xd883010b00846765746888676f312e31392e31856c696e7578,30000000,9924281,1668124799,110,15221960013,,
15943061,0x43a5298c5a17d8ef6e187016ba33b1a5b5ff475059ec4b6af6241964144152fa,0x95e7355fbcaf2f166da43eb81eff8aed41f69a8f007b4339883b4056a6fffc1e,0x0000000000000000,0x1dcc4de8dec75d7aab85b567b6ccd41ad312451b948a7413f0a142fd40d49347,0xa9a50308d7021db5ba0d06f082d15f2359214c9fe5a8db34a48d6ca8cc63d409a70d330593f379d8046adb1aa841d3308ac9882c7d6aafa44365068473bfa121d1d473956837e2ac6993f568751cd8a8869218b40645ff22f6642ed98589b8619aac13384aa3ed36c48d24c781281997e0086905d797bd2eb76f24d2925b44f9b745ebb1ffabc8f1968c0e087ba054f62f8de913c7e1a4dc1cf9f77b2bb48986bf8837196432615c722b0392a6ab6feb8bf48ea7c8646b5ea9eb069a38cd501bf624f7932b213d4744686033d1fdfb0d32e9226dfb8bd69c073fab86266a639f0a7bbb8d3f0589a127467bcdd6797cd2c404f1a5d61d1645c8a8d9c1a47113ef,0x9d75f5ed9e147b63e61a6ae86076c42e3f03eb1c87ed81eed0cd2916ab781b6a,0xc2039f2bef11ee80e759d93ff2515ae4d9dd4412b74750b6e6e6751dc6a47633,0x628ec989adf5b3389f6c37f43384576ff7c4f24131cacf877b4ff9b25285abb5,0x690b9a9e9aa1c9db991c7721a92d351db4fac990,0,58750003716598352816469,46041,0x6279206275696c64657230783639,30000000,29988039,1668124811,195,14578106750,,
15943062,0x59ad43b675d4bf6402c85c5ce046f1190ef7c237ae823d32ca178c605944568b,0x43a5298c5a17d8ef6e187016ba33b1a5b5ff475059ec4b6af6241964144152fa,0x0000000000000000,0x1dcc4de8dec75d7aab85b567b6ccd41ad312451b948a7413f0a142fd40d49347,0xb6e7df948180d9f5b9fea7cfc15cff67f1d590534d2d8f01008dfff7ffbc59ebdcae3b0dc23a06c076fbffa26aedbf2d53fda22e5b6eb8b5274d46f30d7e234c70c4e49691b5ac7fffbb357fe3f07a7c4ce5108e074e3f429dcb7ee39bd0b870b78277a51e3f6baa4eed7e85937259fdea3c9a7e263e7e6cfbabe65abb595a7c6fabd37346129ba745ed7d0bed9b04eae4574ce76fcedd3be978c5ed43bcfe3cbecf37f37eb6f67faa8ff9eb2fff1b1a36cef054f692bbce3ff73e362f8e7395edd8bde665e1b7325dc38870e38ff8250aff3275f7af7e7fdb6fb9f77e187a9d51bbfbe818829be7ba3c37b9cde57a92552d1dcfbf7945c8f9e89903eccf7107,0x249362d68f707bff7c1acfee4809d92a2ec548904514d38faaee63f77626d52d,0x481695d44cb714d8928e027ab297f022e9313469442982ef19ed819f715f5ae8,0x44cb74d3304a48110b170adaad02ebcd10ce4c33a8d66edb90d0ba3b5189c8ed,0xf573d99385c05c23b24ed33de616ad16a43a0919,0,58750003716598352816469,96430,0x506f776572656420627920626c6f58726f757465,30000000,21417034,1668124823,263,16398917020,,
15943063,0x56c16e506b79dba88ee4ecf83c4aad78ee82f3db68f1f3423ed2937b288a950b,0x59ad43b675d4bf6402c85c5ce046f1190ef7c237ae823d32ca178c605944568b,0x0000000000000000,0x1dcc4de8dec75d7aab85b567b6ccd41ad312451b948a7413f0a142fd40d49347,0x0e7031b8a39c1395f1f60241b5411a3b827f854e41bc26406d79bd100fa2df15388c272f8625ad32d4601bd85a5fe5057323da537fcafd60ffdd208b1b7ced2e5c442036d571657d7daf531f6033f762346606b1ddc6a2087fd50cea9cf499fa93dfe0299b0aaf62a5c39cf3cdb23ef9c65ccc10b4909c741e724751565d51d48f21d7ff22c6791024494f764932178659436cefbbd7e46dd260a569db3edcb5cf9bad0f1794e57884036dd2229caee8bbd5f24d7359414283f48bb238fd4c05e53864b37d266b50acd2e896b185f04fbefe426d91efdb9d8e0529abd0c6e3534ab2fb885e018e0f098ddfe5a0233f556d38081694d800dc492ca9c8f04372bb,0x5bdeef637dfa2b314b5f66c6273e97842980c1f339a5447128fd883300fb50bc,0x4c749592deb0b01edf6bdc15ff15432f459239a26b7c5ca2fba2a40d9acdfcfe,0x48c9688d2838de9e7eb0bc192ff291987952fe3a37895df36cac847900267a82,0x690b9a9e9aa1c9db991c7721a92d351db4fac990,0,58750003716598352816469,94669,0x406275696c64657230783639,30000000,15360680,1668124835,256,17275853754,,
15943064,0x7c3da9ced2c0f524ac5ca5e24189dd56278027602daa81ead3c51c83d9409779,0x56c16e506b79dba88ee4ecf83c4aad78ee82f3db68f1f3423ed2937b288a950b,0x0000000000000000,0x1dcc4de8dec75d7aab85b567b6ccd41ad312451b948a7413f0a142fd40d49347,0x00b880080000100160800810880000280008000000000800008800000080000900a5004000801200402009400001015002080080080000001200800000202800004000001001200068002008001030a0004001008044000010001000800000100a0000004a0204000000c4008100180004100001001044040200005840500080142400001202010824004140400260a0000a00010140802820040148001080208a2829003080601040000090700000110220080102480002004020120000012050000042244002001000003000080041020800440468141010240902000020800018200800000800000000000000200000240000000804c00000080040020021,0x752c008153248c3b34f0cab7720733b73143e9b16e99e441b5168f1d859f08b5,0x296a50ae771e51db00dd9a7031fc9baa5a90ce900f7e60fa789cd80c5f578330,0xb8615aeb93f766de3d3be7b4eea8112dba3315e4e79a3aaad00848a3b45aeb04,0x6d2e03b7effeae98bd302a9f836d0d6ab0002766,0,58750003716598352816469,10024,0x,30000000,2049901,1668124847,33,17327779211,,
15943065,0xa8fd45b3d4cf19997221acdda73ef0a41e323b9fbe7f0a5de87a8c732d6f2c15,0x7c3da9ced2c0f524ac5ca5e24189dd56278027602daa81ead3c51c83d9409779,0x0000000000000000,0x1dcc4de8dec75d7aab85b567b6ccd41ad312451b948a7413f0a142fd40d49347,0xf8a4dd72a9155d80b8df3acaab17d36b15a69d4d43cdf9c538c7be26df805db31b4f5701eec6172a1a3a7b93626f67cd4229b09e3b5bbb46077db67bbc373f8794f3f0b8893fe13eee6ac74fd032f8e638c784d735791a553c43dc89c3cd7d7696ac6c155a3fea635ff315a64bf40b3bc20a5d551a188c6dee5f33d3793ddd42d366ebf37f5a1516fedfce50830f5a670509e6a7755dfdbbf5692b4be998822f9fcb710537fe7c910bb254d68fa7029a7edc0331db78967abfee9e47e82a494175b8bc077d82bff9d656fdf0f3be5e678fc94a6e9fae601c0356291b6a65be5162333afacf1cd54b4dac98a7c5ed6a55463c83db2fd905534eff193ba6477e6b,0x92c47c1ac066bdd7de2e0af98ab3087a8d31e11dcb87779600affe835245d658,0x320a311ee37bd23054c3067594ca714bc9c93d2b43de09bf0c421e539a18d310,0x979a276b07f75fe31303a208eb1a7d50a3bc677bdb8cf7f3a3a0f358246f9fd6,0x0000000000000000000000000000000000000000,0,58750003716598352816469,121363,0x,30000000,20148709,1668124859,238,15457808743,,
