timestamp,volume
1668124739,0.0
1668124739,2.2032222261362033
1668124739,0.0
1668124739,0.0
1668124739,0.0
1668124739,0.0
1668124739,5.0821606467902996
1668124739,0.0
1668124739,0.0
1668124739,0.0
1668124739,0.0
1668124739,10.179590679599999
1668124739,0.0
1668124739,83.0
1668124739,0.0
1668124739,25.522275922299997
1668124739,0.0
1668124739,8.232992233
1668124739,0.0
1668124739,0.6092414252419999
1668124739,0.057630945631
1668124739,0.16270174155459885
1668124739,0.0
1668124739,0.0
1668124751,0.0
1668124751,6.51804050175905e-12
1668124751,0.0
1668124751,0.0
1668124751,0.0
1668124751,0.0
1668124751,8.974710590263032e-10
1668124751,0.0
1668124751,2.889706128020739e-12
1668124751,7.471952558659867e-10
1668124751,0.0
1668124751,0.0
1668124751,1.4327616446540123
1668124751,2.7908877145346185e-11
1668124751,1.4873923368000002
1668124751,1.397207194594235e-10
1668124751,0.0
1668124751,7.44458229330977
1668124751,101.53659584664001
1668124751,0.0
1668124751,0.0
1668124751,0.0
1668124751,1.9251053419116602
1668124751,8.60906732262084
1668124751,0.0
1668124751,0.6779534586336
1668124751,0.0
1668124751,0.0
1668124751,0.0
1668124751,10.680063467862048
1668124751,7.631867753131264
1668124751,1.0891027082
1668124751,0.0
1668124751,19.393388350000002
1668124751,0.22499054737393662
1668124751,0.0
1668124751,0.07287544864203044
1668124751,7.266009535999999
1668124751,5.1733988576000005
1668124751,0.0725073366432317
1668124751,0.0725073366432317
1668124751,0.0725073366432317
1668124751,0.49385321373796004
1668124751,0.0
1668124751,0.0
1668124751,1.8783498511581227
1668124751,2.8367184103217876e-10
1668124751,35.2
1668124751,0.0
1668124751,29.351227885500002
1668124751,0.0
1668124751,2.4789357499999998
1668124751,13.770000000000001
1668124751,0.0
1668124751,0.0
1668124751,6.5250084621480005
1668124751,0.0
1668124751,0.0
1668124751,0.6073530416263999
1668124751,0.49174428571359996
1668124751,1.1998083139056
1668124751,14.496204652200001
1668124751,0.0
1668124751,0.0
1668124751,0.0
1668124751,0.0
1668124751,0.0
1668124751,5.068543731402399
1668124751,0.0
1668124751,1.26991386944
1668124751,2.84458807619882
1668124751,0.0
1668124751,0.0
1668124751,0.0
1668124751,15.373923368
1668124751,0.7644423124107449
1668124751,0.0
1668124751,0.0
1668124751,0.0
1668124751,0.0
1668124751,0.0
1668124751,0.04617379164993828
1668124751,0.7388138735496185
1668124751,30.747846736
1668124751,1.3043419535099279
1668124751,1.780400717733993
1668124751,0.0
1668124751,0.0
1668124751,0.0
1668124751,0.60004422905304
1668124751,15.368112024966896
1668124751,1.1960409653009865
1668124751,1.6950417741494173
1668124751,5.088768634808
1668124751,15.373923368
1668124751,0.0
1668124751,4.262592319790221
1668124751,0.0
1668124751,0.0
1668124751,0.0
1668124751,0.0
1668124751,0.045311884662
1668124751,0.0
1668124751,25.67234175740021
1668124751,0.0
1668124751,0.0
1668124751,0.0
1668124751,0.0
1668124751,1.9070737686376187
1668124751,0.0
1668124751,43.89485828450034
1668124751,0.1398148796592
1668124751,0.0
1668124751,0.133865310312
1668124751,0.0
1668124751,0.0
1668124751,0.70651135998
1668124751,0.59495693472
1668124751,0.0
1668124751,0.0
1668124751,0.0016361315704800001
1668124751,1.829492574264
1668124751,0.0
1668124751,0.0
1668124751,0.0
1668124751,0.0
1668124751,0.0
1668124751,0.0
1668124751,0.23627306167836643
1668124751,0.0
1668124751,2.6339502707770444
1668124763,0.0
1668124763,4.400486212804889e-13
1668124763,0.0
1668124763,8.2719769105
1668124763,2.867274044173223e-10
1668124763,0.0
1668124763,0.0725073366432317
1668124763,0.0725073366432317
1668124763,0.0725073366432317
1668124763,0.0725073366432317
1668124763,0.0673931816106204
1668124763,0.0
1668124763,0.07011404282659388
1668124763,0.0
1668124763,0.0
1668124763,0.0
1668124763,0.0
1668124763,0.0
1668124763,0.0
1668124763,0.0
1668124763,0.0
1668124763,0.0
1668124763,0.0
1668124763,0.0
1668124763,0.0
1668124763,0.0
1668124763,0.0
1668124763,0.0
1668124763,0.0
1668124763,0.0
1668124763,0.0
1668124763,0.0
1668124763,0.0
1668124763,0.0
1668124763,0.0
1668124763,3.114434714815982e-12
1668124763,0.032163075
1668124763,0.8233459859672383
1668124763,0.0
1668124763,3.33019696323369
1668124763,57.562179239795
1668124763,0.0
1668124763,0.0
1668124763,0.0
1668124763,0.0
1668124763,0.0
1668124763,0.0
1668124763,0.2650473651
1668124763,0.0
1668124763,1.1047408509879e-13
1668124763,97.13656795504868
1668124763,0.06568831698916311
1668124763,4.598738175212771
1668124763,0.0
1668124763,0.2625348307767028
1668124763,3.052689903062003
1668124763,0.255659307315
1668124763,0.9045599955
1668124763,2.4065620992000003
1668124763,0.0
1668124763,0.8272476910500001
1668124763,0.099269722926
1668124763,9.06426685953558e-13
1668124763,0.0
1668124763,0.0
1668124763,0.0
1668124763,0.66175815284
1668124763,0.0
1668124763,0.0
1668124763,3.3087907642
1668124763,0.0
1668124763,0.0
1668124763,0.0
1668124763,8.10653737229
1668124763,1.406236074785
1668124763,0.05095537776867999
1668124763,0.0
1668124763,0.2828614098919665
1668124763,0.0
1668124763,0.0
1668124763,1.6543953821
1668124763,0.0
1668124763,0.07678856317213864
1668124763,0.0
1668124763,2.6718485420915
1668124763,0.0
1668124763,0.07444779219449998
1668124763,0.0
1668124763,0.3973663913583536
1668124763,0.0
1668124763,0.0
1668124763,0.0
1668124763,0.0
1668124763,0.0
1668124763,0.82719769105
1668124763,0.0
1668124763,0.0
1668124763,0.07011404282659388
1668124763,0.0
1668124763,0.057903838373499994
1668124763,1.1746207212909998
1668124763,0.0
1668124763,1.32351630568
1668124763,0.0
1668124763,0.6601037574579
1668124763,0.3621933391534208
1668124763,0.0
1668124763,0.0
1668124763,0.0
1668124763,0.0
1668124763,0.0
1668124763,0.0016543953821
1668124763,0.82719769105
1668124763,0.0
1668124763,0.11249888598279999
1668124763,0.0
1668124763,1.406236074785
1668124763,0.0
1668124763,0.029019763253634565
1668124763,0.48804663771949996
1668124763,0.0
1668124763,0.016543953821
1668124763,0.0
1668124763,0.0
1668124763,1.6543953821
1668124763,0.0
1668124763,0.0
1668124763,3.0866082768561194
1668124763,0.0
1668124763,0.05009974924196216
1668124763,0.0
1668124763,0.82719769105
1668124763,0.0
1668124763,0.0
1668124763,169.33847846109265
1668124763,3.63966984062
1668124763,0.0
1668124763,0.0
1668124763,0.15778666344049624
1668124763,3.63966984062
1668124763,0.0
1668124763,1.117258205972591
1668124763,0.07011404282659388
1668124763,0.1968730504699
1668124763,0.0
1668124763,0.16543953821
1668124763,0.0
1668124763,0.099263722926
1668124763,0.06688260517649136
1668124763,0.82719769105
1668124763,0.0
1668124763,2.5300225896000357
1668124763,3.20457579986373e-13
1668124763,0.0
1668124763,0.032087907642
1668124763,0.0
1668124763,0.0
1668124763,0.0
1668124763,0.0
1668124763,0.0
1668124763,0.0
1668124763,0.0
1668124763,13.637360747849998
1668124763,0.0
1668124763,0.048131861463
1668124763,0.5254095133381433
1668124763,3.695571382468821
1668124763,0.0
1668124763,0.0
1668124763,0.0
1668124763,0.0
1668124763,0.0
1668124763,0.0615928991583572
1668124763,0.0
1668124763,0.0
1668124763,0.0
1668124763,0.0
1668124763,0.8021976910499999
1668124763,0.0
1668124763,0.0
1668124763,0.0
1668124763,0.0
1668124763,0.63863937864
1668124763,0.0
1668124763,0.0
1668124763,0.0
1668124763,0.0
1668124763,0.0
1668124763,0.5094193876651614
1668124763,0.0
1668124763,0.0
1668124763,0.0
1668124763,0.0
1668124763,0.30938433666000004
1668124763,0.16382468702326086
1668124763,0.0
1668124763,0.0
1668124763,0.0
1668124763,0.0
1668124763,0.0
1668124763,0.0
1668124763,0.0
1668124763,0.0
1668124763,0.0
1668124763,0.0
1668124763,0.0
1668124763,0.0
1668124763,0.075909654545
1668124763,0.0
1668124763,1.0024802613361792
1668124775,7.0450029502859985
1668124775,4.534712771248371e-09
1668124775,0.0
1668124775,0.0
1668124775,0.0
1668124775,0.0
1668124775,0.0
1668124775,0.0
1668124775,0.0
1668124775,0.9112845873
1668124775,0.0
1668124775,5.9003647968474
1668124775,0.0
1668124775,0.0
1668124775,0.0
1668124775,0.0
1668124775,0.0
1668124775,36.451383492
1668124775,10.479772753949998
1668124775,0.0
1668124775,0.0
1668124775,0.0
1668124775,0.0
1668124775,0.0
1668124775,0.0
1668124775,0.0
1668124775,0.0
1668124775,0.0
1668124775,7.947140118914167
1668124775,5984.9591424
1668124775,20.56970996708
1668124775,0.0
1668124775,0.7079823479988
1668124775,0.0
1668124775,0.05334014631989346
1668124775,0.0
1668124775,9.180353299471804
1668124775,9.169208824724505
1668124775,36.440284045726685
1668124775,18.345276888537615
1668124775,35.228980125623366
1668124775,9.175851181628728
1668124775,9.16791144317091
1668124775,182.23886728166553
1668124775,9.17389756618308
1668124775,10.508981247542138
1668124775,9.167014367476689
1668124775,25.721484061326738
1668124775,9.155553589697648
1668124775,1.5510063675845998
1668124775,0.0
1668124775,36.43738616073907
1668124775,0.0
1668124775,0.0
1668124775,1.3748211570728623
1668124775,0.168259586199072
1668124775,0.0
1668124775,0.0
1668124775,15.234709924947431
1668124775,0.0
1668124775,5.781234803803647
1668124775,0.7281805396876458
1668124775,0.686990111827851
1668124775,92.06696724297596
1668124775,10.764786121473948
1668124775,0.0
1668124775,5.490161576031071
1668124775,6.879760852999261
1668124775,6.658749062645459e-13
1668124775,0.0
1668124775,2.6588537618999997
1668124775,0.0
1668124775,0.0
1668124775,0.0
1668124775,0.0
1668124775,0.0
1668124775,1.68394071587
1668124775,0.0
1668124775,0.0
1668124775,0.0
1668124775,0.0
1668124775,0.0
1668124775,0.0
1668124775,0.0
1668124775,0.0
1668124775,2.7431745043525018
1668124775,0.0
1668124775,0.0
1668124775,0.0
1668124775,0.0
1668124775,17.725691746
1668124775,0.0
1668124775,0.0
1668124775,0.0
1668124775,0.0
1668124775,0.0
1668124775,0.0
1668124775,0.24634808895091775
1668124775,0.73898408889074
1668124775,1.0635415047599999
1668124775,0.0
1668124775,1.0635415047599999
1668124775,0.062039921111
1668124775,0.0
1668124775,0.0
1668124775,0.8862845873
1668124775,0.0
1668124775,0.0
1668124775,0.8756491722523999
1668124775,3.0000384704802383
1668124775,27.199394259042165
1668124775,0.0
1668124775,1.5775865653939998
1668124775,1.7725691746
1668124775,0.0
1668124775,0.0
1668124775,0.0
1668124775,0.141805533968
1668124775,0.3371279020258076
1668124775,0.141805533968
1668124775,17.1296111125404
1668124775,0.0
1668124775,0.0
1668124775,0.0
1668124775,2.7784457683861876
1668124775,0.0
1668124775,0.0
1668124775,0.0
1668124775,13.593931
1668124775,0.0
1668124775,0.00511206645970019
1668124775,0.0
1668124775,0.0
1668124775,0.0
1668124775,0.012346591147296115
1668124775,0.0
1668124775,0.0
1668124775,0.8779463303621724
1668124787,2.88156524620494e-13
1668124787,1.583023991338916e-09
1668124787,0.0
1668124787,0.0725073366432317
1668124787,0.0
1668124787,26.90085725226
1668124787,3.4370966750112905e-13
1668124787,0.0
1668124787,0.457138750692
1668124787,0.0
1668124787,0.014065807713600002
1668124787,0.0
1668124787,0.51246778926
1668124787,0.0
1668124787,3.6
1668124787,13.665807713600001
1668124787,0.0
1668124787,0.0
1668124787,0.0
1668124787,0.0
1668124787,0.0
1668124787,0.0
1668124787,0.0
1668124787,0.0
1668124787,0.0
1668124787,105.49355785200001
1668124787,0.0
1668124787,0.0
1668124787,0.562632308544
1668124787,0.0
1668124787,0.0
1668124787,8.40905183844154
1668124787,12.273826738800002
1668124787,3.495199491160767
1668124787,0.415937971766
1668124787,0.0
1668124787,0.0
1668124787,1.041432403114944
1668124787,2.105793303561231
1668124787,0.0
1668124787,0.0
1668124787,52.73327575059495
1668124787,1.7582259642000002
1668124787,0.08395623683104099
1668124787,0.0
1668124787,1.714455747872798
1668124787,0.06820322077834144
1668124787,0.0
1668124787,0.0
1668124787,0.30189510151199594
1668124787,0.068329038568
1668124787,5.255015533668461
1668124787,0.0
1668124787,0.136658077136
1668124787,0.0
1668124787,1.7082259642000002
1668124787,0.17082259642
1668124787,0.068329038568
1668124787,0.0
1668124787,0.0
1668124787,0.0
1668124787,17.082259642
1668124787,2.22069375346
1668124787,0.0791783053654628
1668124787,0.819948462816
1668124787,1.7082259642000002
1668124787,0.0
1668124787,5.1242272709542735
1668124787,0.0
1668124787,0.0
1668124787,0.0
1668124787,0.0
1668124787,0.0
1668124787,0.17082259642
1668124787,0.17082259642
1668124787,0.0
1668124787,0.0
1668124787,0.0
1668124787,0.153740336778
1668124787,0.49538552961800003
1668124787,0.5533472753975914
1668124787,0.0
1668124787,0.6482717534139
1668124787,0.0
1668124787,5.1088952475000005
1668124787,0.0
1668124787,0.5816125
1668124787,0.0
1668124787,0.0
1668124787,0.0
1668124787,0.0
1668124787,0.0
1668124787,0.0
1668124787,0.0
1668124787,0.0
1668124787,0.0
1668124787,0.0
1668124787,1.98987115704
1668124787,0.0
1668124787,0.0
1668124787,0.0
1668124787,0.36833879295825045
1668124787,2.1812198388976918
1668124787,0.0
1668124787,0.08136072541000001
1668124787,6.845879211843079
1668124787,0.0
1668124787,0.0
1668124787,2.6832943820989286
1668124787,0.0
1668124787,0.0
1668124787,0.0
1668124787,0.0
1668124787,0.0
1668124787,0.6653593521680299
1668124799,0.0
1668124799,510.03027362098715
1668124799,0.0
1668124799,0.0
1668124799,0.0
1668124799,0.3609375
1668124799,16.200000000000003
1668124799,39.2343
1668124799,0.0
1668124799,0.0
1668124799,0.0
1668124799,0.0
1668124799,0.0
1668124799,2.358919330578914
1668124799,0.0
1668124799,0.0
1668124799,0.0
1668124799,0.212663520156
1668124799,0.031447618043068504
1668124799,0.1524088561118
1668124799,0.0
1668124799,0.8247626005250049
1668124799,0.9812080511426111
1668124799,0.19895754845709362
1668124799,0.0
1668124799,8.6109800065
1668124799,2.28827501292153e-13
1668124799,0.221
1668124799,3.9765176
1668124799,0.0
1668124799,4.3977147712491006e-13
1668124799,0.058800000000000005
1668124799,0.0
1668124799,0.0
1668124799,0.0
1668124799,1.086927400845
1668124799,0.0
1668124799,0.0
1668124799,0.0
1668124799,0.0
1668124799,0.0
1668124799,0.0
1668124799,0.0585268600455
1668124799,10.352344212517329
1668124799,0.0
1668124799,0.0
1668124799,33.478551346332736
1668124799,0.0
1668124799,0.0
1668124799,0.0
1668124799,0.0
1668124799,0.0
1668124799,2.17385480169
1668124799,3.7078213274912857
1668124799,0.0
1668124799,0.41804900032500003
1668124799,0.0
1668124799,2.7005965420995
1668124799,0.050165880039
1668124799,0.0
1668124799,0.0
1668124799,0.0
1668124799,0.0
1668124799,16.721960013
1668124799,0.66887840052
1668124799,3.2171663522844143
1668124799,0.0
1668124799,3.3443920026000002
1668124799,0.0
1668124799,0.33443920026
1668124799,0.16721960013
1668124799,0.33443920026
1668124799,0.250829400195
1668124799,2.17385480169
1668124799,0.0
1668124799,4.18049000325
1668124799,0.0006462386325515412
1668124799,0.0
1668124799,0.0
1668124799,5.238990072072901
1668124799,0.183941560143
1668124799,0.0
1668124799,0.0
1668124799,0.0
1668124799,15.668531867015032
1668124799,0.0
1668124799,4.718627381335551
1668124799,5.738223368152217
1668124799,0.24545503250999998
1668124799,0.0
1668124799,5.558457573226889e-13
1668124799,0.0
1668124799,0.0
1668124799,0.31228987496438554
1668124799,0.0
1668124799,0.0
1668124799,0.0
1668124799,0.18789059393886315
1668124799,0.0
1668124799,1.4317771784322526
1668124799,1.46999408
1668124799,0.0
1668124799,0.0
1668124799,0.0
1668124799,0.0
1668124799,0.0
1668124799,3.163845593492649
1668124799,1.997742910435294
1668124799,0.0
1668124799,1.0309599027859757
1668124811,0.0
1668124811,0.0
1668124811,0.0
1668124811,0.0
1668124811,4.888871125868729e-13
1668124811,0.0
1668124811,0.0
1668124811,0.0
1668124811,0.0
1668124811,0.0
1668124811,0.0
1668124811,0.0
1668124811,0.66312427
1668124811,0.0
1668124811,1.12331790759447e-13
1668124811,0.0
1668124811,0.0
1668124811,0.0
1668124811,0.0
1668124811,0.0
1668124811,0.0
1668124811,0.0
1668124811,0.0
1668124811,0.0
1668124811,0.0
1668124811,3.0207923108
1668124811,0.0
1668124811,0.0
1668124811,1.8225000000000002
1668124811,45.41113576920464
1668124811,1.194975
1668124811,1.757475
1668124811,0.0
1668124811,0.168
1668124811,0.0
1668124811,0.0
1668124811,0.0
1668124811,0.018854428213089025
1668124811,0.1941828322661716
1668124811,0.0
1668124811,0.0
1668124811,0.0
1668124811,16.256156928
1668124811,0.0
1668124811,0.0
1668124811,0.020622142132717798
1668124811,0.6749999999999999
1668124811,0.35826833656495805
1668124811,0.34988189466328073
1668124811,10.71
1668124811,0.0
1668124811,0.0
1668124811,0.0
1668124811,0.0
1668124811,24.86291114785329
1668124811,0.7471752712224999
1668124811,0.016202927545518015
1668124811,0.0
1668124811,0.0
1668124811,0.0
1668124811,0.6133899497499999
1668124811,1.048365319970095
1668124811,0.0
1668124811,1.721311123533065
1668124811,0.0
1668124811,0.07671502320455749
1668124811,0.0
1668124811,36.47183485
1668124811,0.0
1668124811,17.5003468285025
1668124811,0.0
1668124811,0.19290285014300002
1668124811,0.19290285014300002
1668124811,0.0
1668124811,0.19290285014300002
1668124811,0.19290285014300002
1668124811,61.338994975000006
1668124811,0.19290285014300002
1668124811,0.067970237675
1668124811,0.19290285014300002
1668124811,0.19290285014300002
1668124811,0.0
1668124811,0.0
1668124811,0.0
1668124811,0.0
1668124811,0.19290285014300002
1668124811,0.0
1668124811,0.0
1668124811,0.0
1668124811,0.0
1668124811,0.19290285014300002
1668124811,0.0
1668124811,0.0
1668124811,0.0
1668124811,3019.204254232477
1668124811,0.0
1668124811,0.0
1668124811,0.0
1668124811,0.0
1668124811,0.0
1668124811,0.0
1668124811,0.0
1668124811,0.19290285014300002
1668124811,871.9296856210443
1668124811,0.0
1668124811,0.0
1668124811,0.0
1668124811,0.0
1668124811,0.0
1668124811,0.0
1668124811,0.19290285014300002
1668124811,331.5420754908325
1668124811,0.0
1668124811,0.0
1668124811,0.0
1668124811,0.0
1668124811,0.0
1668124811,0.19290285014300002
1668124811,0.19290285014300002
1668124811,0.0
1668124811,0.0
1668124811,0.0
1668124811,0.19290285014300002
1668124811,0.0
1668124811,0.19290285014300002
1668124811,0.0
1668124811,0.0
1668124811,0.0
1668124811,0.0
1668124811,0.19290285014300002
1668124811,0.0
1668124811,0.0
1668124811,166.27547637760526
1668124811,0.19290285014300002
1668124811,0.0
1668124811,0.19290285014300002
1668124811,0.0
1668124811,0.19290285014300002
1668124811,0.19290285014300002
1668124811,0.0
1668124811,0.19290285014300002
1668124811,0.0
1668124811,0.0
1668124811,0.19290285014300002
1668124811,0.0
1668124811,0.19290285014300002
1668124811,0.0
1668124811,0.0
1668124811,0.0
1668124811,0.0
1668124811,0.0
1668124811,0.0
1668124811,1558.3201016647697
1668124811,0.0
1668124811,0.54437131260413
1668124811,0.0
1668124811,0.0
1668124811,0.0
1668124811,0.4638505697739392
1668124811,0.0
1668124811,0.0
1668124811,0.0
1668124811,0.0
1668124811,0.0
1668124811,0.1607810675
1668124811,0.0
1668124811,0.0
1668124811,0.0
1668124811,0.0
1668124811,0.0
1668124811,6.4312427
1668124811,0.0
1668124811,0.0
1668124811,0.0
1668124811,0.0
1668124811,0.0
1668124811,1.20585800625
1668124811,0.0
1668124811,0.0
1668124811,0.0
1668124811,1.607810675
1668124811,0.0
1668124811,0.59488994975
1668124811,2.137694198329076
1668124811,0.0
1668124811,0.056273373625
1668124811,0.0
1668124811,0.01607810675
1668124811,0.0
1668124811,0.1607810675
1668124811,61.14517371462553
1668124811,0.0
1668124811,24.55795246634241
1668124811,0.04716071019
1668124811,2.382365944695668
1668124823,3.0742146482637994e-13
1668124823,4.8791697809606e-13
1668124823,0.0
1668124823,0.0
1668124823,0.0
1668124823,0.0
1668124823,202.8465147217013
1668124823,229.34140968141617
1668124823,207.1771804605649
1668124823,496.1536637264599
1668124823,7.383014618206387
1668124823,0.0
1668124823,2.5700375259999997
1668124823,0.0
1668124823,0.0
1668124823,2.1993400000000136
1668124823,0.4279783404
1668124823,1.783365099362252
1668124823,0.0
1668124823,0.0
1668124823,0.0
1668124823,5.55092150215305e-13
1668124823,0.0
1668124823,0.0
1668124823,0.0
1668124823,0.3879783404
1668124823,0.697088004422
1668124823,0.0
1668124823,0.0
1668124823,0.0
1668124823,0.0
1668124823,0.0
1668124823,0.0
1668124823,1.439760072
1668124823,0.36257604799999993
1668124823,0.3679783404
1668124823,0.0
1668124823,0.0
1668124823,0.01798253105054099
1668124823,0.0
1668124823,0.0
1668124823,0.17712866894948306
1668124823,0.0
1668124823,0.0
1668124823,0.3026666007190848
1668124823,0.0
1668124823,0.16617901852463998
1668124823,0.0
1668124823,36.74690583768864
1668124823,0.20665663596864
1668124823,0.0
1668124823,0.0
1668124823,0.0
1668124823,0.0
1668124823,0.0
1668124823,0.0
1668124823,3.2392213359560995
1668124823,0.0
1668124823,0.0
1668124823,0.1753598941284498
1668124823,1.4011695256580998
1668124823,0.919945851
1668124823,2.7886452893457245
1668124823,110.00797489254632
1668124823,14.719133616
1668124823,0.0
1668124823,0.0
1668124823,4.786147082246639
1668124823,0.0
1668124823,0.0
1668124823,0.0
1668124823,0.0
1668124823,3679.539047983057
1668124823,0.35384797212863994
1668124823,0.33118050635999996
1668124823,0.0
1668124823,0.0
1668124823,0.0
1668124823,0.0
1668124823,0.0
1668124823,0.0
1668124823,0.0
1668124823,0.0
1668124823,0.7085146757979323
1668124823,0.0
1668124823,0.0
1668124823,0.0
1668124823,4.4157400847999995
1668124823,0.0
1668124823,0.0
1668124823,0.0
1668124823,0.0
1668124823,0.0
1668124823,0.0
1668124823,0.21852
1668124823,0.0
1668124823,0.0
1668124823,0.0
1668124823,0.0
1668124823,0.0
1668124823,0.0
1668124823,0.0
1668124823,0.0
1668124823,0.0
1668124823,0.0
1668124823,0.0
1668124823,0.0
1668124823,0.0
1668124823,0.0
1668124823,0.0
1668124823,1.4319133616
1668124823,175.7673651364
1668124823,0.0
1668124823,0.0
1668124823,0.0
1668124823,0.0
1668124823,0.27602191376491997
1668124823,0.0
1668124823,0.0
1668124823,0.0
1668124823,0.0
1668124823,0.41438113842093477
1668124823,0.0
1668124823,0.0
1668124823,1.38239871207364
1668124823,0.0
1668124823,0.153930686372
1668124823,0.16109025317999998
1668124823,0.0
1668124823,0.0
1668124823,0.0
1668124823,0.4140019506726
1668124823,0.0
1668124823,0.0
1668124823,0.5369675105999999
1668124823,31.75878930881778
1668124823,3.579783404
1668124823,0.0
1668124823,0.0
1668124823,0.0
1668124823,0.0
1668124823,0.0
1668124823,0.0
1668124823,0.0
1668124823,0.0
1668124823,0.5369675105999999
1668124823,0.0
1668124823,0.0
1668124823,0.0
1668124823,0.3579783404
1668124823,0.0
1668124823,0.0
1668124823,0.65855992974
1668124823,0.0
1668124823,0.0
1668124823,0.0
1668124823,0.0
1668124823,0.0
1668124823,0.0
1668124823,0.0
1668124823,0.0
1668124823,0.0
1668124823,0.0
1668124823,0.0
1668124823,0.0
1668124823,0.0
1668124823,0.0
1668124823,0.0
1668124823,0.0
1668124823,0.0
1668124823,0.0
1668124823,0.65855992974
1668124823,0.0
1668124823,0.65855992974
1668124823,0.0
1668124823,0.0
1668124823,0.0
1668124823,0.0
1668124823,0.0
1668124823,0.0
1668124823,0.0
1668124823,0.0
1668124823,0.0
1668124823,208.67408235544048
1668124823,1245.7582590770369
1668124823,0.0
1668124823,0.0
1668124823,0.0
1668124823,0.0
1668124823,0.0
1668124823,0.0
1668124823,0.0
1668124823,0.0
1668124823,0.0
1668124823,1019.8553071727509
1668124823,237.626274449615
1668124823,3957.0758558326
1668124823,392.2966746009696
1668124823,0.0
1668124823,0.0
1668124823,0.0
1668124823,1423.8473620701732
1668124823,0.0
1668124823,0.0
1668124823,472.04151138116504
1668124823,0.0
1668124823,0.0
1668124823,0.0
1668124823,0.0
1668124823,0.0
1668124823,0.35597834040000004
1668124823,0.0
1668124823,0.0
1668124823,0.0
1668124823,0.0
1668124823,796.815122862072
1668124823,0.0
1668124823,8.750245828
1668124823,0.0
1668124823,0.0
1668124823,0.0
1668124823,0.0
1668124823,0.0
1668124823,0.0
1668124823,0.0
1668124823,0.0
1668124823,0.0
1668124823,0.0
1668124823,0.0
1668124823,0.0
1668124823,13.919133616
1668124823,0.0869945851
1668124823,0.0
1668124823,0.0
1668124823,0.0
1668124823,0.029961606074882657
1668124823,0.0
1668124823,0.0
1668124823,0.0
1668124823,0.0
1668124823,0.0
1668124823,0.0
1668124823,0.0
1668124823,0.0
1668124823,2.3612687115238016
1668124823,0.700520011571745
1668124823,0.0
1668124823,0.0
1668124823,7.7687378915199
1668124823,0.07027638467082055
1668124823,0.0
1668124823,0.0
1668124823,0.0
1668124823,0.0
1668124823,0.0
1668124823,0.0
1668124823,0.0
1668124823,0.0
1668124823,0.0
1668124823,8.626334147174354
1668124823,0.0
1668124823,0.0
1668124823,0.8459200627188495
1668124835,1.0454452589769917e-09
1668124835,0.0
1668124835,0.0
1668124835,0.0
1668124835,0.0
1668124835,0.010425995534102669
1668124835,0.0
1668124835,0.00573815374771945
1668124835,934.79782334
1668124835,1.757475
1668124835,1.757475
1668124835,1.757475
1668124835,1.757475
1668124835,1.757475
1668124835,1.757475
1668124835,1.757475
1668124835,1.757475
1668124835,1.757475
1668124835,1.757475
1668124835,1.757475
1668124835,1.757475
1668124835,1.757475
1668124835,1.757475
1668124835,1.757475
1668124835,1.757475
1668124835,1.757475
1668124835,1.757475
1668124835,1.757475
1668124835,1.757475
1668124835,1.757475
1668124835,1.757475
1668124835,1.757475
1668124835,1.757475
1668124835,1.757475
1668124835,1.757475
1668124835,1.757475
1668124835,1.757475
1668124835,1.757475
1668124835,0.0
1668124835,0.0
1668124835,0.0
1668124835,0.0
1668124835,1.6365512252399999
1668124835,0.784631744
1668124835,0.0
1668124835,0.0
1668124835,0.0
1668124835,0.0
1668124835,0.7467257484993337
1668124835,0.0
1668124835,0.0
1668124835,1.9385551782533492
1668124835,0.0
1668124835,0.0
1668124835,1.0788532656
1668124835,0.7881336188
1668124835,1.5592131536826
1668124835,7.5349376601246725
1668124835,0.0
1668124835,0.0
1668124835,0.0
1668124835,0.0
1668124835,3.54742929791029
1668124835,0.06144018281977134
1668124835,0.0
1668124835,0.0
1668124835,0.0
1668124835,0.0
1668124835,0.0
1668124835,0.0
1668124835,0.0
1668124835,0.0
1668124835,0.0
1668124835,0.0
1668124835,0.0
1668124835,0.0
1668124835,0.0
1668124835,0.0
1668124835,11.37275371486
1668124835,0.0
1668124835,0.0
1668124835,25.82964403036
1668124835,0.38551707508
1668124835,0.0
1668124835,0.0
1668124835,6.82901457608953
1668124835,0.0
1668124835,0.0
1668124835,0.0
1668124835,0.0
1668124835,0.0
1668124835,0.0
1668124835,0.0
1668124835,0.0
1668124835,0.0
1668124835,0.0
1668124835,0.0
1668124835,0.0
1668124835,0.0
1668124835,0.0
1668124835,0.0
1668124835,0.0
1668124835,0.0
1668124835,0.0
1668124835,1984.767195561241
1668124835,192.49831351432098
1668124835,0.0
1668124835,13.57771862578006
1668124835,0.0
1668124835,11.20524654573774
1668124835,0.0
1668124835,0.0
1668124835,2.873682829353828
1668124835,41.44331688134504
1668124835,4.437316954853803
1668124835,0.0
1668124835,0.0
1668124835,0.0
1668124835,113.21719427081399
1668124835,2.8765742074169283
1668124835,0.0
1668124835,0.0
1668124835,0.0
1668124835,0.0
1668124835,0.0
1668124835,0.0
1668124835,0.0
1668124835,0.0
1668124835,0.0
1668124835,0.5145102506438272
1668124835,0.0
1668124835,0.0
1668124835,0.0
1668124835,9.387926877
1668124835,0.0
1668124835,0.0
1668124835,0.28163780630999996
1668124835,0.18775853754
1668124835,0.0
1668124835,0.0
1668124835,0.0
1668124835,0.20653439129399997
1668124835,0.065715488139
1668124835,0.28163780630999996
1668124835,0.0
1668124835,0.0
1668124835,0.0
1668124835,0.5632756126199999
1668124835,1.8907284730278
1668124835,0.0
1668124835,0.0
1668124835,0.37551707508
1668124835,0.0
1668124835,0.0
1668124835,3.9525801865878463
1668124835,0.1614723422844
1668124835,0.0
1668124835,0.0
1668124835,0.0
1668124835,0.0
1668124835,0.0
1668124835,0.0
1668124835,0.0
1668124835,0.28163780630999996
1668124835,376.4558677677
1668124835,0.45097401332375114
1668124835,0.0
1668124835,0.0
1668124835,1.337965120506197
1668124835,0.0
1668124835,0.0
1668124835,0.0
1668124835,0.0
1668124835,0.5882805017957728
1668124835,0.0
1668124835,0.0
1668124835,0.0
1668124835,24.4086098802
1668124835,1.6898268378599999
1668124835,0.0
1668124835,0.0
1668124835,0.0
1668124835,0.0
1668124835,0.0
1668124835,0.0
1668124835,0.0
1668124835,0.0
1668124835,0.0
1668124835,0.0
1668124835,0.0
1668124835,0.0
1668124835,0.0
1668124835,0.0
1668124835,0.0
1668124835,0.37351707508
1668124835,0.0
1668124835,0.0
1668124835,0.0
1668124835,0.0
1668124835,0.0
1668124835,0.0
1668124835,0.0
1668124835,0.0
1668124835,0.0
1668124835,0.0
1668124835,207.4704186836528
1668124835,0.0
1668124835,0.0
1668124835,0.0
1668124835,0.0
1668124835,0.37351707508
1668124835,0.0
1668124835,0.0
1668124835,0.0
1668124835,0.0
1668124835,0.0
1668124835,0.0
1668124835,0.0
1668124835,0.0
1668124835,0.0
1668124835,0.0
1668124835,0.0
1668124835,0.0
1668124835,0.0
1668124835,0.0
1668124835,0.0
1668124835,0.0
1668124835,0.0
1668124835,0.37351707508
1668124835,0.0
1668124835,0.0
1668124835,0.0
1668124835,1.4664347359999998
1668124835,5.836304983732859e-13
1668124835,0.0
1668124835,0.0
1668124835,0.0
1668124835,0.0
1668124835,0.0
1668124835,0.0
1668124835,1.113785355330022e-12
1668124835,0.06408441917109683
1668124835,0.0
1668124835,0.0
1668124835,0.0
1668124835,2.04290291739372
1668124835,0.0
1668124835,0.0
1668124835,0.0
1668124835,0.0
1668124835,0.0
1668124835,0.0
1668124835,0.06702667161322956
1668124835,0.0
1668124835,0.0
1668124835,1.0674441623617985
1668124847,0.0
1668124847,0.0
1668124847,0.0
1668124847,0.0
1668124847,0.0
1668124847,1.047121094314347
1668124847,0.7142564676894697
1668124847,0.2484960989474777
1668124847,13712.492353058342
1668124847,0.0
1668124847,0.0
1668124847,0.0
1668124847,1.31794454477
1668124847,5.177639283025
1668124847,0.0
1668124847,0.0
1668124847,0.0
1668124847,0.0
1668124847,1.4535907239473154
1668124847,0.0
1668124847,0.0
1668124847,0.0
1668124847,0.692927830807
1668124847,0.0
1668124847,0.0
1668124847,0.692927830807
1668124847,0.0
1668124847,0.0
1668124847,0.0
1668124847,3.5700000000000003
1668124847,5.959939853351593
1668124847,2.6682582350000006
1668124847,0.0
1668124859,2.29120010732405e-12
1668124859,0.0
1668124859,3.2457808743000003
1668124859,0.0
1668124859,0.0
1668124859,0.24052195085282493
1668124859,207.30660183826296
1668124859,0.0
1668124859,0.0
1668124859,19.241156750158414
1668124859,0.5932764535470001
1668124859,0.0
1668124859,0.0
1668124859,0.0
1668124859,0.0
1668124859,0.0
1668124859,0.0
1668124859,0.0
1668124859,0.0
1668124859,0.0
1668124859,0.0
1668124859,2.8495238094312043
1668124859,0.6165514095040192
1668124859,5.7
1668124859,0.0
1668124859,0.0
1668124859,1.7954999999999999
1668124859,0.0
1668124859,0.0
1668124859,0.0
1668124859,1.08128226796768
1668124859,4.658302956855019
1668124859,0.6389923999938
1668124859,0.0
1668124859,0.0
1668124859,0.0
1668124859,0.0
1668124859,0.34915617486
1668124859,0.0
1668124859,0.0
1668124859,0.0
1668124859,1.39662469944
1668124859,0.0
1668124859,0.0
1668124859,0.0
1668124859,0.0
1668124859,0.0
1668124859,0.0
1668124859,0.0
1668124859,0.645938923491
1668124859,0.0
1668124859,0.0
1668124859,0.0
1668124859,0.0
1668124859,71.5770158463
1668124859,0.0
1668124859,0.0
1668124859,0.0
1668124859,0.052241492526
1668124859,0.0
1668124859,0.0
1668124859,10.52222560761599
1668124859,8.980916294938835
1668124859,3.975455761989451
1668124859,0.0
1668124859,0.6719474907002541
1668124859,0.0
1668124859,0.0
1668124859,0.0
1668124859,0.0
1668124859,0.0
1668124859,0.0
1668124859,0.0
1668124859,4.314865229200711
1668124859,0.0
1668124859,0.0
1668124859,0.16957808743000002
1668124859,0.0
1668124859,2.5461846282838003
1668124859,0.152620278687
1668124859,0.07186797916122462
1668124859,0.0
1668124859,0.0
1668124859,0.0
1668124859,3.7465368411340387
1668124859,0.3136057272489803
1668124859,0.0
1668124859,0.0
1668124859,0.0
1668124859,0.0
1668124859,0.0
1668124859,0.0
1668124859,0.0
1668124859,0.0
1668124859,0.0
1668124859,0.059352330600500006
1668124859,0.0
1668124859,0.0
1668124859,0.0
1668124859,0.0
1668124859,0.0
1668124859,0.0
1668124859,0.0
1668124859,0.0
1668124859,0.20349370491600002
1668124859,0.0
1668124859,0.0
1668124859,0.50873426229
1668124859,40.02042863348
1668124859,0.0
1668124859,0.0
1668124859,305.240557374
1668124859,0.0
1668124859,0.08478904371500001
1668124859,2.1081915046975475
1668124859,0.0
1668124859,0.33715617486
1668124859,0.0
1668124859,0.0
1668124859,0.0
1668124859,0.0
1668124859,0.0
1668124859,0.0
1668124859,0.0
1668124859,0.0
1668124859,0.0
1668124859,0.0
1668124859,0.0
1668124859,0.0
1668124859,0.0
1668124859,0.6237389234909999
1668124859,0.0
1668124859,0.0
1668124859,0.0
1668124859,0.0
1668124859,0.0
1668124859,0.0
1668124859,0.0
1668124859,0.0
1668124859,0.0
1668124859,0.0
1668124859,0.0
1668124859,0.0
1668124859,0.0
1668124859,0.0
1668124859,0.0
1668124859,0.0
1668124859,0.0
1668124859,0.0
1668124859,0.0
1668124859,0.0
1668124859,0.0
1668124859,0.0
1668124859,0.0
1668124859,0.0
1668124859,0.0
1668124859,0.0
1668124859,0.0
1668124859,0.0
1668124859,0.0
1668124859,0.0
1668124859,0.0
1668124859,0.0
1668124859,0.0
1668124859,0.0
1668124859,0.0
1668124859,0.0
1668124859,0.0
1668124859,0.0
1668124859,0.0
1668124859,0.33715617486
1668124859,0.0
1668124859,0.0
1668124859,0.0
1668124859,0.0
1668124859,0.0
1668124859,0.0
1668124859,0.0
1668124859,0.0
1668124859,0.0
1668124859,0.0
1668124859,0.0
1668124859,0.0
1668124859,0.0
1668124859,0.0
1668124859,0.0
1668124859,0.0
1668124859,0.0
1668124859,0.0
1668124859,0.0
1668124859,0.0
1668124859,0.0
1668124859,0.0
1668124859,0.0
1668124859,0.0
1668124859,0.0
1668124859,0.0
1668124859,0.33715617486
1668124859,0.0
1668124859,0.0
1668124859,0.082789043715
1668124859,0.0
1668124859,0.0
1668124859,0.0
1668124859,15.56162614765035
1668124859,0.0
1668124859,0.0
1668124859,0.06595363498718344
1668124859,3.5399100825318705e-13
1668124859,3.45564610176771e-13
1668124859,0.0
1668124859,10.368419508090001
1668124859,0.47657027099080945
1668124859,0.0
1668124859,0.0
1668124859,0.0
1668124859,0.0
1668124859,0.0
1668124859,0.0
1668124859,0.0
1668124859,1.1481769017355812
1668124859,7.4328416
1668124859,0.0
1668124859,3.834624
1668124859,2.9258552
1668124859,0.0
1668124859,0.0
1668124859,4.660057380737231
1668124859,0.0
1668124859,0.7201680459522617
1668124859,3.6008402297613094
1668124859,1.5595785831000002
1668124859,0.0
1668124859,0.0
1668124859,42.03740418849764
1668124859,0.7789053375
1668124859,0.0
1668124859,0.0
