Date,Gold_price,Price,Netflow,Sentiment_b,Label_b,Sentiment_u,Label_b
2021/1/1,1890,738.3662748,478.0110995,,,,
2021/1/2,1906.666667,743.8751687,-10479.10232,,,,
2021/1/3,1923.333333,845.0306854,-1220.855222,,,,
2021/1/4,1940,1052.504918,,,,,
2021/1/5,1940,1051.404121,-6006.12055,,,,
2021/1/6,1930,1132.84113,-19062.96419,,,,
2021/1/7,1920,1226.267988,3419.843356,,,,
2021/1/8,1860,1204.466992,3520.757366,,,,
2021/1/9,1856.666667,1219.782936,1463.785439,,,,
2021/1/10,1853.333333,1327.152301,1940.433581,,,,
2021/1/11,1850,1110.03161,-6674.923462,,,,
2021/1/12,1840,1086.314767,14301.77123,,,,
2021/1/13,1860,1062.310337,-2739.129848,,,,
2021/1/14,1840,1159.327251,-29653.23739,,,,
2021/1/15,1840,1201.538805,8255.421006,,,,
2021/1/16,1836.666667,1208.744395,-35197.66783,,,,
2021/1/17,1833.333333,1226.149951,10253.93832,,,,
2021/1/18,1830,1225.69034,13923.44466,,,,
2021/1/19,1830,1328.883562,15023.2376,,,,
2021/1/20,1860,1344.909106,21594.27313,,,,
2021/1/21,1860,1267.398599,15047.51838,,,,
2021/1/22,1850,1183.550964,-2464.235945,,,,
2021/1/23,1853.333333,1243.957513,12146.46994,,,,
2021/1/24,1856.666667,1313.477007,17943.82532,,,,
2021/1/25,1860,1398.747006,14919.20036,,,,
2021/1/26,1860,1334.257425,15720.74483,,,,
2021/1/27,1840,1290.581263,10494.83318,,,,
2021/1/28,1850,1302.000208,-6433.538518,,,,
2021/1/29,1860,1347.571716,-1804.793626,,,,
2021/1/30,1860,1373.845687,4618.521186,,,,
2021/1/31,1860,1345.391567,-3262.059028,,,,
2021/2/1,1860,1318.102943,9664.085079,,,,
2021/2/2,1830,1432.014629,17762.71848,,,,
2021/2/3,1840,1567.798459,-9406.597319,,,,
2021/2/4,1790,1634.93185,6185.393134,,,,
2021/2/5,1800,1671.058782,13665.87239,,,,
2021/2/6,1813.333333,1688.241738,18903.96847,,,,
2021/2/7,1826.666667,1605.020254,3244.165641,,,,
2021/2/8,1840,1660.303005,12639.47427,,,,
2021/2/9,1840,1747.784557,15330.81882,,,,
2021/2/10,1840,1778.960392,23769.67238,,,,
2021/2/11,1840,1753.753951,721.9306977,,,,
2021/2/12,1820,1793.016228,259.3705415,,,,
2021/2/13,1820,1849.875555,24993.21159,,,,
2021/2/14,1820,1823.920503,30444.50535,,,,
2021/2/15,1820,1777.639325,12511.5178,,,,
2021/2/16,1790,1783.459053,-4020.596517,,,,
2021/2/17,1780,1797.69348,33131.77389,,,,
2021/2/18,1770,1908.260023,9765.579617,,,,
2021/2/19,1790,1923.724081,7485.710289,,,,
2021/2/20,1796.666667,1993.801376,114853.8811,,,,
2021/2/21,1803.333333,1947.444948,366969.1729,,,,
2021/2/22,1810,1816.29244,337482.8285,,,,
2021/2/23,1800,1540.142033,628613.9447,,,,
2021/2/24,1790,1633.327822,255433.1813,,,,
2021/2/25,1780,1610.962958,100903.208,,,,
2021/2/26,1740,1483.518023,171491.8197,,,,
2021/2/27,1736.666667,1497.128575,66689.28359,,,,
2021/2/28,1733.333333,1396.334163,-30660.94646,,,,
2021/3/1,1730,1479.236957,162534.6086,,,,
2021/3/2,1720,1550.04289,151002.3417,,,,
2021/3/3,1710,1567.916298,22837.91196,,,,
2021/3/4,1710,1587.652522,15309.74011,,,,
2021/3/5,1700,1488.273419,41221.76657,,,,
2021/3/6,1696.666667,1570.024326,15073.73708,,,,
2021/3/7,1693.333333,1666.145953,16727.34189,,,,
2021/3/8,1690,1725.462364,13891.09293,,,,
2021/3/9,1720,1835.207949,97630.70528,,,,
2021/3/10,1720,1823.999598,29903.18913,,,,
2021/3/11,1720,1791.202265,19732.27879,,,,
2021/3/12,1700,1781.673549,15343.00315,,,,
2021/3/13,1706.666667,1840.080108,19298.65478,,,,
2021/3/14,1713.333333,1886.006467,-12208.36437,,,,
2021/3/15,1720,1813.063776,24536.56155,,,,
2021/3/16,1740,1774.886886,37630.62667,,,,
2021/3/17,1730,1800.429567,14307.95489,,,,
2021/3/18,1730,1815.828863,218783.6146,,,,
2021/3/19,1740,1806.851047,15198.00559,,,,
2021/3/20,1740,1841.440716,2762754.984,,,,
2021/3/21,1740,1792.913614,21888.89531,,,,
2021/3/22,1740,1776.60292,32462.61058,,,,
2021/3/23,1730,1694.806511,6340.998782,,,,
2021/3/24,1730,1701.118991,32440.12707,,,,
2021/3/25,1740,1695.577106,5174.981414,,,,
2021/3/26,1730,1596.640985,9529.948018,,,,
2021/3/27,1723.333333,1631.580266,19456.55895,,,,
2021/3/28,1716.666667,1631.580266,7087.314796,,,,
2021/3/29,1710,1688.396247,19695.47686,,,,
2021/3/30,1680,1723.113186,16574.69735,,,,
2021/3/31,1690,1855.114144,5123.688952,,,,
2021/4/1,1730,1947.274409,35903.28518,,,,
2021/4/2,1730,2024.195584,-11046.11299,,,,
2021/4/3,1730,2091.498358,37134.09887,,,,
2021/4/4,1730,2064.78612,19328.1178,,,,
2021/4/5,1730,2036.480838,20199.19525,,,,
2021/4/6,1740,2080.095472,22260.51,,,,
2021/4/7,1740,2029.484329,45744.89756,,,,
2021/4/8,1760,2030.22667,36574.31016,,,,
2021/4/9,1740,2077.195388,11361.29543,,,,
2021/4/10,1736.666667,2134.56898,-3479.709692,,,,
2021/4/11,1733.333333,2143.564124,-8643.751502,,,,
2021/4/12,1730,2156.229812,24368.38673,,,,
2021/4/13,1750,2214.637561,18239.16001,,,,
2021/4/14,1740,2338.439256,-1062665.272,,,,
2021/4/15,1760,2459.645472,7579.967992,,,,
2021/4/16,1770,2444.356484,-16287.13595,,,,
2021/4/17,1770,2431.895829,4083.444895,,,,
2021/4/18,1770,2218.2643,21072.13943,,,,
2021/4/19,1770,2207.97618,12295.53425,,,,
2021/4/20,1780,2173.459336,21507.27726,,,,
2021/4/21,1800,2360.91207,-1295065.621,,,,
2021/4/22,1790,2496.896339,10677.83062,,,,
2021/4/23,1780,2284.509825,8822.04791,,,,
2021/4/24,1776.666667,2286.203246,4299.869022,,,,
2021/4/25,1773.333333,2263.418274,5413.459374,,,,
2021/4/26,1770,2456.613075,9980.797154,,,,
2021/4/27,1780,2574.359833,1600.461476,,,,
2021/4/28,1770,2688.177749,9416.955884,,,,
2021/4/29,1760,2747.882264,8428.842035,,,,
2021/4/30,1770,2758.340471,30472.86962,,,,
2021/5/1,1770,2848.508427,-1771.096774,,,,
2021/5/2,1770,2940.415929,-35267.56087,,,,
2021/5/3,1770,3164.681816,71269.07056,,,,
2021/5/4,1800,3342.325658,14464.07884,,,,
2021/5/5,1780,3368.815237,10942.70511,,,,
2021/5/6,1810,3492.882473,19149.10141,,,,
2021/5/7,1840,3489.443734,-15209.19938,,,,
2021/5/8,1840,3640.847089,-31140.69373,,,,
2021/5/9,1840,3887.974499,-45992.68086,,,,
2021/5/10,1840,4069.175837,21738.13055,,,,
2021/5/11,1830,4092.632725,-41977.86342,,,,
2021/5/12,1830,4162.827897,25701.80159,,,,
2021/5/13,1820,3929.574924,24922.12459,,,,
2021/5/14,1840,3949.268328,1930.851599,,,,
2021/5/15,1843.333333,3947.034864,-96766.12776,,,,
2021/5/16,1846.666667,3756.477187,8636.339681,,,,
2021/5/17,1850,3370.915561,9784.545176,,,,
2021/5/18,1870,3437.209179,7069.094717,,,,
2021/5/19,1890,3302.680253,41915.77927,,,,
2021/5/20,1880,2656.723333,9333.791547,,,,
2021/5/21,1880,2611.554427,7613.620465,,,,
2021/5/22,1880,2361.51219,44466.58323,,,,
2021/5/23,1880,2153.149647,-19246.84623,,,,
2021/5/24,1880,2349.482012,1339.798978,,,,
2021/5/25,1890,2621.664292,6294.386996,,,,
2021/5/26,1900,2729.866689,7045.189906,,,,
2021/5/27,1890,2744.521763,-22119.89423,,,,
2021/5/28,1900,2577.976137,20972.43212,,,,
2021/5/29,1900,2436.931283,2963.809704,,,,
2021/5/30,1900,2345.968579,983.5331548,,,,
2021/5/31,1900,2466.521729,-832.1290639,,,,
2021/6/1,1900,2593.622209,1887.623618,,,,
2021/6/2,1900,2656.855773,1650.817552,,,,
2021/6/3,1870,2748.944583,2953.054888,,,,
2021/6/4,1890,2694.961341,2931.547761,,,,
2021/6/5,1890,2714.368024,1604.040299,,,,
2021/6/6,1890,2650.51842,2576.831288,,,,
2021/6/7,1890,2731.52375,,,,,
2021/6/8,1890,2555.837973,3279.685655,,,,
2021/6/9,1890,2528.853197,-252.1210116,,,,
2021/6/10,1890,2563.480817,,,,,
2021/6/11,1880,2496.722674,,,,,
2021/6/12,1876.666667,2450.515,5583.906146,,,,
2021/6/13,1873.333333,2430.118014,,,,,
2021/6/14,1870,2468.992341,2521.037802,,,,
2021/6/15,1870,2575.813014,1718.281349,,,,
2021/6/16,1860,2490.899365,4851.949494,,,,
2021/6/17,1780,2417.410906,1321.257843,,,,
2021/6/18,1770,2343.748664,,,,,
2021/6/19,1773.333333,2215.459278,,,,,
2021/6/20,1776.666667,2219.274167,322.9594437,,,,
2021/6/21,1780,2181.380292,,,,,
2021/6/22,1780,1939.924864,32641.27523,,,,
2021/6/23,1790,1888.881667,2264.132657,,,,
2021/6/24,1780,1973.995833,2284.25025,,,,
2021/6/25,1790,2012.7,,,,,
2021/6/26,1786.666667,1983.709225,,,,,
2021/6/27,1783.333333,1907.336861,-276.1224419,,,,
2021/6/28,1780,1991.80553,1757.924936,,,,
2021/6/29,1760,2126.44684,2325.412303,,,,
2021/6/30,1760,2134.53646,1193.21414,,,,
2021/7/1,1780,2104.59,1225.241922,,,,
2021/7/2,1790,2097.40134,529.9972845,,,,
2021/7/3,1790,2126.033081,,,,,
2021/7/4,1790,2292.620158,,,,,
2021/7/5,1790,2322.764004,683.5682466,,,,
2021/7/6,1810,2328.822865,2877.946002,,,,
2021/7/7,1800,2358.774745,3412.31646,,,,
2021/7/8,1810,2206.916244,-577.0242494,,,,
2021/7/9,1810,2130.485526,12226.31384,,,,
2021/7/10,1803.333333,2122.318246,2341.376434,,,,
2021/7/11,1796.666667,2127.194702,6100.619711,,,,
2021/7/12,1790,2112.241636,-2823.64351,,,,
2021/7/13,1810,2006.273967,-2524.748664,,,,
2021/7/14,1820,1956.567788,,,,,
2021/7/15,1820,1955.743838,3422.682632,,,,
2021/7/16,1820,1913.891239,-639.0268511,,,,
2021/7/17,1816.666667,1891.072159,2214.000997,,,,
2021/7/18,1813.333333,1935.870699,,,,,
2021/7/19,1810,1856.198512,1601.923115,,,,
2021/7/20,1820,1776.659437,,,,,
2021/7/21,1800,1875.434892,,,,,
2021/7/22,1800,1998.246225,6759.388034,,,,
2021/7/23,1800,2068.494707,-6899.278565,,,,
2021/7/24,1800,2127.109728,1083.813735,,,-0.2269,negative
2021/7/25,1800,2158.515823,,,,-0.0618,neutral
2021/7/26,1800,2309.316105,-22398.45774,,,-0.2361,negative
2021/7/27,1800,2238.700011,-28844.02594,,,-0.112,negative
2021/7/28,1800,2295.490738,-18642.47154,,,-0.005,neutral
2021/7/29,1830,2307.376437,20185.94826,,,-0.2079,negative
2021/7/30,1830,2405.689239,-124.5568598,,,-0.1564,negative
2021/7/31,1823.333333,2455.368472,1053.512214,,,-0.1509,negative
2021/8/1,1816.666667,2597.125884,-401.5244015,,,-0.0818,neutral
2021/8/2,1810,2633.306135,-1032.872537,,,0.0263,neutral
2021/8/3,1810,2638.93,-875543.1398,,,-0.1252,negative
2021/8/4,1830,2638.93,703279.5129,,,-0.011,neutral
2021/8/5,1800,2638.93,-1721036.731,,,-0.0583,neutral
2021/8/6,1760,2638.93,-429590.047,,,-0.0722,neutral
2021/8/7,1753.333333,2880.601886,1220625.337,,,-0.1384,negative
2021/8/8,1746.666667,3078.322862,-374857.9623,,,-0.0797,neutral
2021/8/9,1740,3057.420381,-344420.7094,,,-0.2005,negative
2021/8/10,1720,3110.39965,-274879.8428,,,-0.0885,neutral
2021/8/11,1740,3195.261157,-190745.1978,,,-0.1063,negative
2021/8/12,1750,3123.894277,-327411.2282,,,-0.1096,negative
2021/8/13,1770,3195.072381,1396447.365,,,-0.1195,negative
2021/8/14,1776.666667,3254.891952,170909.2742,,,-0.083,neutral
2021/8/15,1783.333333,3257.155146,249592.9578,,,-0.0579,neutral
2021/8/16,1790,3246.050411,-311195.5575,,,-0.0153,neutral
2021/8/17,1790,3161.634932,-80032.24467,,,-0.0188,neutral
2021/8/18,1780,3044.348635,-30969.53215,,,0.0382,neutral
2021/8/19,1780,3034.065302,298594.3099,,,-0.1265,negative
2021/8/20,1780,3212.005897,174667.8638,,,-0.0032,neutral
2021/8/21,1786.666667,3259.498196,147058.5715,,,-0.2607,negative
2021/8/22,1793.333333,3222.77875,154072.341,,,-0.1483,negative
2021/8/23,1800,3315.386025,92782.90846,,,-0.1023,negative
2021/8/24,1810,3277.571123,267330.1393,,,-0.0926,neutral
2021/8/25,1790,3176.45827,208659.3909,,,-0.1145,negative
2021/8/26,1790,3189.16118,-189297.0416,,,-0.0327,neutral
2021/8/27,1800,3174.155747,14204.64213,,,0.0414,neutral
2021/8/28,1800,3252.430047,27502.82309,,,-0.132,negative
2021/8/29,1800,3232.765742,12417.46023,,,-0.0466,neutral
2021/8/30,1800,3200.789099,328577.1005,,,-0.15,negative
2021/8/31,1810,3311.78931,797517.5913,,,-0.1235,negative
2021/9/1,1810,3573.711947,641340.3924,0,neutral,-0.104,negative
2021/9/2,1810,3768.635411,109396.6846,0.2169,positive,-0.0915,neutral
2021/9/3,1820,3890.069975,177180.7331,0,neutral,-0.1218,negative
2021/9/4,1820,3911.757793,,0,neutral,-0.1048,negative
2021/9/5,1820,3896.551483,-876875.8505,0,neutral,-0.0284,neutral
2021/9/6,1820,3932.463748,-157357.1737,0,neutral,-0.0235,neutral
2021/9/7,1800,3722.889526,-672810.4858,0,neutral,-0.0709,neutral
2021/9/8,1790,3410.894239,714430.6136,0.0742,neutral,-0.1103,negative
2021/9/9,1790,3499.536623,998867.2745,0.3321,positive,-0.1163,negative
2021/9/10,1790,3394.063793,-603203.0902,0.1116,positive,-0.0526,neutral
2021/9/11,1790,3267.023645,-497900.8105,0.7583,positive,-0.173,negative
2021/9/12,1790,3357.080305,-200427.6736,0,neutral,-0.1193,negative
2021/9/13,1790,3332.932628,-509465.3577,-0.1603,negative,-0.1026,negative
2021/9/14,1790,3337.739384,-1005562.218,0,neutral,-0.0919,neutral
2021/9/15,1800,3419.366667,-445343.0546,0,neutral,-0.1275,negative
2021/9/16,1750,3422.55,-173946.9774,-0.158,negative,0.0233,neutral
2021/9/17,1760,3421.172286,-529628.1496,0.0072,neutral,-0.0996,neutral
2021/9/18,1760,3469.773188,-359227.5706,0.0058,neutral,-0.1127,negative
2021/9/19,1760,3393.484432,-705343.2169,-0.0711,neutral,-0.1229,negative
2021/9/20,1760,3132.67987,-30492.21583,0.0784,neutral,-0.0165,neutral
2021/9/21,1770,3035.76,-443304.01,0.1763,positive,-0.0655,neutral
2021/9/22,1770,3035.76,-272311.6293,0.199,positive,-0.1534,negative
2021/9/23,1750,3035.76,-47645.34247,-0.1406,negative,-0.1102,negative
2021/9/24,1750,3021.341667,-334785.1384,-0.0971,neutral,-0.036,neutral
2021/9/25,1753.333333,2931.434008,-318665.6692,-0.1561,negative,-0.121,negative
2021/9/26,1756.666667,2962.162449,-631076.2428,-0.1937,negative,-0.0425,neutral
2021/9/27,1760,3065.885836,-136182.9079,-0.2722,negative,-0.1202,negative
2021/9/28,1730,2909.33267,-1073235.312,-0.1168,negative,-0.0028,neutral
2021/9/29,1740,2890.63932,-11745.60384,-0.1354,negative,-0.1206,negative
2021/9/30,1740,2995.902883,-238186.7086,-0.2423,negative,-0.1888,negative
2021/10/1,1760,3169.389906,-137507.6683,0.1424,positive,-0.1264,negative
2021/10/2,1756.666667,3343.434471,-136448.4017,-0.2644,negative,-0.1298,negative
2021/10/3,1753.333333,3417.916388,-94583.81236,-0.1453,negative,-0.0941,neutral
2021/10/4,1750,3369.18789,-1681314.64,-0.2431,negative,-0.0714,neutral
2021/10/5,1750,3435.893419,569082.8253,-0.0381,neutral,-0.0478,neutral
2021/10/6,1760,3508.346323,-5610470.133,-0.2906,negative,-0.0552,neutral
2021/10/7,1760,3584.63686,-8056724.414,-0.2906,negative,-0.096,neutral
2021/10/8,1770,3610.449269,-454704.292,0.0081,neutral,-0.0547,neutral
2021/10/9,1766.666667,3590.450876,90207.85325,-0.1228,negative,-0.1622,negative
2021/10/10,1763.333333,3544.894187,-376096.8425,0.2479,positive,-0.1564,negative
2021/10/11,1760,3550.484343,-128807.9072,0.1153,positive,-0.1703,negative
2021/10/12,1770,3493.024427,162849.4398,0.2834,positive,-0.1242,negative
2021/10/13,1790,3504.167258,-57732.67602,-0.0568,neutral,-0.1128,negative
2021/10/14,1800,3699.840811,114988.3903,-0.1068,negative,-0.2196,negative
2021/10/15,1770,3827.065499,-269624.3025,0.0586,neutral,-0.008,neutral
2021/10/16,1770,3879.12245,651160.018,-0.1593,negative,-0.0256,neutral
2021/10/17,1770,3839.434755,-248856.6129,0.0555,neutral,-0.2028,negative
2021/10/18,1770,3798.410076,-482269.5844,0.2794,positive,-0.0661,neutral
2021/10/19,1780,3811.803499,-14654.03497,-0.184,negative,-0.1459,negative
2021/10/20,1780,3964.405676,69618.83922,0.0668,neutral,-0.0888,neutral
2021/10/21,1780,4161.00095,367506.4526,-0.1868,negative,-0.1063,negative
2021/10/22,1810,4071.263684,-405168.3295,0.2106,positive,-0.0928,neutral
2021/10/23,1810,4063.987793,-274087.9542,0.123,positive,-0.1765,negative
2021/10/24,1810,4081.558538,-7163410.015,0.0719,neutral,-0.1359,negative
2021/10/25,1810,4177.614592,-2480554.802,0.1063,positive,-0.1604,negative
2021/10/26,1790,4223.309517,-2222861.134,0.1661,positive,-0.1347,negative
2021/10/27,1800,4064.278924,-1287948.417,0.2747,positive,-0.1258,negative
2021/10/28,1800,4142.224935,-1409307.057,0.1127,positive,-0.1722,negative
2021/10/29,1770,4388.226133,-1133792.605,0.0663,neutral,-0.1489,negative
2021/10/30,1776.666667,4343.267427,-166068.1975,0.0843,neutral,-0.2043,negative
2021/10/31,1783.333333,4290.244939,-319835.4804,0.1981,positive,-0.1729,negative
2021/11/1,1790,4313.643563,1406884.49,-0.004,neutral,-0.2051,negative
2021/11/2,1790,4442.403989,335424.5554,0.0802,neutral,-0.1566,negative
2021/11/3,1760,4591.590358,377428.4496,0.022,neutral,-0.1353,negative
2021/11/4,1800,4550.348898,731568.7422,0.1974,positive,-0.2107,negative
2021/11/5,1800,4515.499394,-209705.3825,0.0867,neutral,-0.1656,negative
2021/11/6,1806.666667,4468.308901,-52081.4094,0.0748,neutral,-0.1252,negative
2021/11/7,1813.333333,4594.272655,64250.92476,0.0182,neutral,-0.1374,negative
2021/11/8,1820,4752.883622,248888.9761,-0.0217,neutral,-0.1887,negative
2021/11/9,1830,4797.308726,85177.5026,-0.0405,neutral,-0.2167,negative
2021/11/10,1860,4754.109236,-418712.4809,0.1649,positive,-0.1263,negative
2021/11/11,1860,4704.671667,178674.3506,-0.0194,neutral,-0.1237,negative
2021/11/12,1860,4699.854167,-263756.1986,-0.02,neutral,-0.1674,negative
2021/11/13,1860,4658.79926,-67247.60897,-0.0518,neutral,-0.2132,negative
2021/11/14,1860,4624.179286,-270679.7078,0.0049,neutral,-0.1946,negative
2021/11/15,1860,4662.165841,-35138.56456,0.0083,neutral,-0.1843,negative
2021/11/16,1860,4315.553949,-1098741.352,-0.0564,neutral,-0.1921,negative
2021/11/17,1860,4220.768648,-173430.4579,-0.0269,neutral,-0.0976,neutral
2021/11/18,1860,4307.363956,-715135.1237,-0.0835,neutral,-0.203,negative
2021/11/19,1860,4147.345379,-102290.0887,0.0083,neutral,-0.1893,negative
2021/11/20,1846.666667,4343.420417,20989.63183,-0.0271,neutral,-0.1697,negative
2021/11/21,1833.333333,4373.093333,,-0.1973,negative,-0.1284,negative
2021/11/22,1820,4173.456318,-53502.30793,0.0266,neutral,-0.1928,negative
2021/11/23,1790,4177.918578,189198.4055,0.0074,neutral,-0.124,negative
2021/11/24,1780,4282.929509,-150214.4559,-0.0127,neutral,-0.0506,neutral
2021/11/25,1790,4355.316476,-307076.9734,0.0765,neutral,-0.1259,negative
2021/11/26,1800,4207.709042,-662964.9399,-0.0072,neutral,-0.0549,neutral
2021/11/27,1796.666667,4116.213733,-179683.7055,-0.0026,neutral,-0.1695,negative
2021/11/28,1793.333333,4087.950781,-52412.1708,0.0519,neutral,-0.1512,negative
2021/11/29,1790,4357.451704,260336.2979,-0.0312,neutral,-0.1521,negative
2021/11/30,1800,4523.858194,-212268.9213,-0.0187,neutral,-0.105,negative
2021/12/1,1790,4692.756227,84333.83759,0.0629,neutral,-0.1271,negative
2021/12/2,1770,4539.028,-502230.5952,0.075,neutral,-0.1284,negative
2021/12/3,1770,4456.387205,-363952.474,0.0127,neutral,-0.1364,negative
2021/12/4,1773.333333,4004.520753,-833337.0391,-0.0802,neutral,-0.0652,neutral
2021/12/5,1776.666667,4140.337793,-238765.4285,-0.0481,neutral,-0.2884,negative
2021/12/6,1780,4132.286219,-146451.2476,-0.0751,neutral,-0.1178,negative
2021/12/7,1780,4333.23,31784.35434,0.0078,neutral,-0.0699,neutral
2021/12/8,1780,4356.677676,-220182.9463,-0.0008,neutral,-0.0799,neutral
2021/12/9,1780,4289.064996,-20257.63236,0.0052,neutral,-0.1081,negative
2021/12/10,1780,4098.164348,-648691.4906,0.0502,neutral,-0.075,neutral
2021/12/11,1783.333333,4012.142278,278.35939,0.0015,neutral,-0.1072,negative
2021/12/12,1786.666667,4063.792239,-10081.12534,0.0139,neutral,-0.1449,negative
2021/12/13,1790,3922.2001,-409208.6289,0.0263,neutral,-0.2252,negative
2021/12/14,1780,3809.362083,-100432.6468,0.0405,neutral,-0.1617,negative
2021/12/15,1770,3879.32,71022.22915,0.0553,neutral,-0.0922,neutral
2021/12/16,1800,4036.783985,,0.0613,neutral,-0.1241,negative
2021/12/17,1810,3901.604044,-488569.8382,-0.0151,neutral,-0.2093,negative
2021/12/18,1806.666667,3911.442282,-532.1843674,-0.0287,neutral,-0.1639,negative
2021/12/19,1803.333333,3947.495274,-121098.1317,0.0673,neutral,-0.1038,negative
2021/12/20,1800,3860.678929,-149615.5968,0.0332,neutral,-0.1141,negative
2021/12/21,1790,4002.671165,-40160.32806,-0.0786,neutral,-0.0969,neutral
2021/12/22,1790,4014.67282,-14405.18563,0.0674,neutral,-0.1483,negative
2021/12/23,1810,3993.954365,115300.7883,0.0658,neutral,-0.0702,neutral
2021/12/24,1810,4093.513095,-180715.7467,0.0023,neutral,-0.1871,negative
2021/12/25,1810,4072.281866,49502.44679,-0.0992,neutral,-0.1557,negative
2021/12/26,1810,4058.273423,,-0.054,neutral,-0.1585,negative
2021/12/27,1810,4070.14723,433994.0405,-0.0106,neutral,-0.1462,negative
2021/12/28,1810,3897.722457,9922.810469,0.0536,neutral,-0.133,negative
2021/12/29,1790,3781.945347,-129789.0525,0.0071,neutral,-0.065,neutral
2021/12/30,1810,3708.939008,-34890.83223,0.0669,neutral,-0.1609,negative
2021/12/31,1810,3732.517314,,-0.0278,neutral,-0.0733,neutral
2022/1/1,1810,3728.245152,-26301.23635,-0.0435,neutral,-0.1118,negative
2022/1/2,1810,3771.422852,,-0.0762,neutral,-0.227,negative
2022/1/3,1810,3795.8827,,-0.1703,negative,-0.2089,negative
2022/1/4,1810,3783.495034,,0.0561,neutral,-0.2007,negative
2022/1/5,1830,3775.35536,,-0.0443,neutral,-0.0464,neutral
2022/1/6,1790,3470.714007,-304133.5931,0.0497,neutral,-0.083,neutral
2022/1/7,1790,3219.948223,-518237.2498,-0.0239,neutral,-0.1492,negative
2022/1/8,1790,3168.914249,-410242.4513,-0.0713,neutral,-0.1179,negative
2022/1/9,1790,3138.28991,-319112.2955,-0.1002,negative,-0.2389,negative
2022/1/10,1790,3138.762435,-191855.013,0.0255,neutral,-0.134,negative
2022/1/11,1810,3146.564548,-210117.1613,0.084,neutral,-0.114,negative
2022/1/12,1820,3294.845327,-428859.2065,-0.0471,neutral,-0.0566,neutral
2022/1/13,1820,3345.624859,-234345.8214,-0.1146,negative,-0.0585,neutral
2022/1/14,1820,3263.318936,-89758.04574,-0.0321,neutral,-0.1168,negative
2022/1/15,1820,3330.85605,10470.9634,-0.0983,neutral,-0.1082,negative
2022/1/16,1820,3324.910789,-399881.2173,-0.1786,negative,-0.1507,negative
2022/1/17,1820,3253.684837,-169914.6696,-0.0822,neutral,-0.1144,negative
2022/1/18,1820,3161.808906,-9351.333509,-0.0754,neutral,-0.0358,neutral
2022/1/19,1830,3119.0655,-149800.0411,-0.026,neutral,-0.13,negative
2022/1/20,1850,3154.137106,,-0.0097,neutral,-0.0494,neutral
2022/1/21,1840,2791.934964,-361860.2513,-0.0343,neutral,-0.1385,negative
2022/1/22,1836.666667,2434.33937,-359903.8785,-0.1062,negative,-0.0808,neutral
2022/1/23,1833.333333,2434.154767,346718.1611,-0.0984,neutral,-0.1103,negative
2022/1/24,1830,2325.47505,415248.0411,-0.0928,neutral,-0.1464,negative
2022/1/25,1850,2404.884737,-72107.41784,0.011,neutral,-0.074,neutral
2022/1/26,1840,2499.22497,-128949.2831,-0.1055,negative,0.0002,neutral
2022/1/27,1810,2433.527083,-120273.9321,-0.0269,neutral,-0.0041,neutral
2022/1/28,1790,2442.903378,99664.18169,-0.1235,negative,-0.0879,neutral
2022/1/29,1793.333333,2563.377464,-10075.75838,-0.0474,neutral,-0.1363,negative
2022/1/30,1796.666667,2600.827827,-30383.29427,-0.0231,neutral,-0.1444,negative
2022/1/31,1800,2582.658913,8763.069852,0.1633,positive,-0.0266,neutral
2022/2/1,1800,2755.788008,,-0.3073,negative,0.048,neutral
2022/2/2,1800,2734.80858,-39980.81196,,,,
2022/2/3,1790,2643.644814,,,,,
2022/2/4,1800,2838.189496,10086.85445,,,,
2022/2/5,1803.333333,3012.802656,,,,,
2022/2/6,1806.666667,3010.119571,-605444.5389,,,,
2022/2/7,1810,3100.288113,-79806.66842,,,,
2022/2/8,1820,3112.057726,129029.4512,,,,
2022/2/9,1830,3159.536753,-360860.0359,,,,
2022/2/10,1840,3178.577419,-181903.0418,,,,
2022/2/11,1830,3052.528872,-138568.7482,,,,
2022/2/12,1843.333333,2925.460427,,,,,
2022/2/13,1856.666667,2910.403638,59447.16274,,,,
2022/2/14,1870,2893.82043,80085.3525,,,,
2022/2/15,1850,3080.036693,70089.4058,,,,
2022/2/16,1860,3148.222384,-351521.8029,,,,
2022/2/17,1890,3019.434857,-190352.6085,,,,
2022/2/18,1890,2864.632506,-109454.062,,,,
2022/2/19,1890,2779.015418,-131357.1225,,,,
2022/2/20,1890,2655.843371,30966.0518,,,,
2022/2/21,1890,2695.771871,811.6363151,,,,
2022/2/22,1900,2593.889377,-180531.9034,,,,
2022/2/23,1900,2644.42549,-107665.9282,,,,
2022/2/24,1940,2619.338123,251734.8174,,,,
2022/2/25,1880,2664.652319,80539.71403,,,,
2022/2/26,1890,2795.92875,-20142.09931,,,,
2022/2/27,1900,2779.472706,-18993.51845,,,,
2022/2/28,1910,2634.010417,143.3318807,,,,
2022/3/1,1920,2886.42125,47772.85584,,,,
2022/3/2,1930,2981.942631,,,,,
2022/3/3,1930,2885.076238,,,,,
2022/3/4,1950,2715.57,,,,,
2022/3/5,1960,2649.260833,,,,,
2022/3/6,1970,2637.243344,,,,,
2022/3/7,1980,2546.3425,,,,,
2022/3/8,2040,2551.162083,,,,,
2022/3/9,1990,2643.305366,,,,,
2022/3/10,2000,2668.460833,,,,,
2022/3/11,1980,2592.675417,,,,,
2022/3/12,1970,2578.932083,,,,,
2022/3/13,1960,2575.844583,,,,,
2022/3/14,1950,2560.774583,,,,,
2022/3/15,1910,2556.822917,,,,,
2022/3/16,1910,2660.106667,,,,,
2022/3/17,1950,2749.489167,,,,,
2022/3/18,1940,2833.114583,,,,,
2022/3/19,1940,2952.54625,,,,,
2022/3/20,1940,2902.10125,,,,,
2022/3/21,1940,2891.66625,,,,,
2022/3/22,1920,2978.9575,,,,,
2022/3/23,1930,2967.245833,,,,,
2022/3/24,1970,3053.117493,,,,,
2022/3/25,1950,3119.296667,,,,,
2022/3/26,1946.666667,3123.874583,,,,,
2022/3/27,1943.333333,3160.644583,,,,,
2022/3/28,1940,3330.612917,,,,,
2022/3/29,1910,3404.928333,,,,,
2022/3/30,1930,3380.1475,,,,,
2022/3/31,1940,3375.780417,,,,,
2022/4/1,1930,3326.45,,,,,
2022/4/2,1930,3489.110417,,,,,
2022/4/3,1930,3502.221667,,,,,
2022/4/4,1930,3478.482083,,,,,
2022/4/5,1940,3496.293333,,,,,
2022/4/6,1930,3328.393333,,,,,
2022/4/7,1930,3215.414167,,,,,
2022/4/8,1940,3260.081032,,,,,
2022/4/9,1943.333333,3208.122917,,,,,
2022/4/10,1946.666667,3264.190833,,,,,
2022/4/11,1950,3167.70625,,,,,
2022/4/12,1960,3015.125833,,,,,
2022/4/13,1980,3063.226225,,,,,
2022/4/14,1960,3071.839583,,,,,
2022/4/15,1960,3026.27625,,,,,
2022/4/16,1960,3039.09625,,,,,
2022/4/17,1960,3072.695417,,,,,
2022/4/18,1960,2974.13875,,,,,
2022/4/19,1960,3049.677083,,,,,
2022/4/20,1950,3085.434666,,,,,
2022/4/21,1940,3101.483299,,,,,
2022/4/22,1940,2986.793084,,,,,
2022/4/23,1926.666667,2957.59391,,,,,
2022/4/24,1913.333333,2942.653,,,,,
2022/4/25,1900,2894.420033,-29843.70507,,,,
2022/4/26,1900,2936.533501,,,,,
2022/4/27,1890,2865.456493,,,,,
2022/4/28,1890,2914.510152,,,,,
2022/4/29,1910,2867.288018,,,,,
2022/4/30,1910,2811.213339,,,,,
2022/5/1,1910,2778.899042,,,,,
2022/5/2,1910,2833.848316,,,,,
2022/5/3,1870,2821.533307,,,,,
2022/5/4,1860,2855.763843,,,,,
2022/5/5,1890,2857.581755,,,,,
2022/5/6,1880,2709.932981,,,,,
2022/5/7,1873.333333,2675.158737,,,,,
2022/5/8,1866.666667,2552.228483,,,,,
2022/5/9,1860,2397.628152,-10038.99801,,,,
2022/5/10,1860,2358.877573,3115.848791,,,,
2022/5/11,1850,2268.855171,,,,,
2022/5/12,1840,1948.987234,1003.737577,,,,
2022/5/13,1810,2072.52621,59710.28912,,,,
2022/5/14,1810,2017.072872,1149.557617,,,,
2022/5/15,1810,2064.686716,-159.2744705,,,,
2022/5/16,1810,2036.069522,,,,,
2022/5/17,1830,2068.686467,10587.17725,,,,
2022/5/18,1810,2008.854652,0,,,,
2022/5/19,1840,1972.071325,1555.660044,,,,
2022/5/20,1830,2005.168609,1962.956747,,,,
2022/5/21,1840,1969.086559,,,,,
2022/5/22,1850,2002.087955,,,,,
2022/5/23,1860,2039.878866,5012.821055,,,,
2022/5/24,1870,1966.839165,,,,,
2022/5/25,1850,1982.234184,,,,,
2022/5/26,1850,1870.600646,,,,,
2022/5/27,1850,1759.818758,3168.680959,,,,
2022/5/28,1850,1770.78295,,,,,
2022/5/29,1850,1791.958484,,,,,
2022/5/30,1850,1907.602356,,,,,
2022/5/31,1840,1965.33884,,,,,
2022/6/1,1840,1897.150465,162.5426732,,,,
2022/6/2,1840,1821.681054,-140.3247786,,,,
2022/6/3,1840,1787.234186,-80.19714129,,,,
2022/6/4,1843.333333,1772.204699,-84.80342684,,,,
2022/6/5,1846.666667,1798.172913,-3403.001617,,,,
2022/6/6,1850,1875.963177,18639.69617,,,,
2022/6/7,1850,1760.250005,3311.124703,,,,
2022/6/8,1850,1771.412561,-5767.926249,,,,
2022/6/9,1840,1797.868092,-3439.428245,,,,
2022/6/10,1830,1738.432642,1197.935793,,,,
2022/6/11,1830,1593.064782,,,,,
2022/6/12,1830,1479.731051,-4492.771666,,,,
2022/6/13,1830,1253.332019,,,,,
2022/6/14,1820,1194.0914,1132.671626,,,,
2022/6/15,1820,1143.205775,1035645.112,,,,
2022/6/16,1830,1139.241351,4213.79328,,,,
2022/6/17,1840,1087.226381,33457.15543,,,,
2022/6/18,1840,1004.821207,773.4262412,,,,
2022/6/19,1840,1030.192866,-319.858408,,,,
2022/6/20,1840,1108.011543,145525.3453,,,,
2022/6/21,1840,1144.691752,41455.54345,,,,
2022/6/22,1840,1083.731457,-400.5047507,,,,
2022/6/23,1840,1104.257327,38820.19501,,,,
2022/6/24,1830,1183.928145,103309.3431,,,,
2022/6/25,1830,1216.35762,719809.3212,,,,
2022/6/26,1830,1234.32883,39808.90388,,,,
2022/6/27,1830,1208.241173,3527.579341,,,,
2022/6/28,1820,1188.998453,37033.76653,,,,
2022/6/29,1820,1120.659414,-2295.630356,,,,
2022/6/30,1820,1048.134722,733.0784178,,,,
2022/7/1,1800,1034.03,620.3848772,,,,
2022/7/2,1803.333333,1034.03,41430.99857,,,,
2022/7/3,1806.666667,1034.03,2442.476427,,,,
2022/7/4,1810,1034.03,39786.80379,,,,
2022/7/5,1770,1063.850281,37553.60451,,,,
2022/7/6,1750,1143.12223,5998.831794,,,,
2022/7/7,1750,1200.827313,41889.68591,,,,
2022/7/8,1740,1233.214682,33633.5151,,,,
2022/7/9,1740,1218.086969,325.2185732,,,,
2022/7/10,1740,1181.963219,36517.80965,,,,
2022/7/11,1740,1142.226292,-847.2659719,,,,
2022/7/12,1730,1069.494221,-90.16360485,,,,
2022/7/13,1720,1067.490779,21815.55428,,,,
2022/7/14,1700,1128.49006,33811.15692,,,,
2022/7/15,1710,1219.927743,604.2617977,,,,
2022/7/16,1713.333333,1258.504871,1188182.904,,,,
2022/7/17,1716.666667,1351.707367,35798.10652,,,,
2022/7/18,1720,1461.311995,31575.6638,,,,
2022/7/19,1710,1544.148013,7070.954147,,,,
2022/7/20,1710,1559.733426,391.8981704,,,,
2022/7/21,1710,1521.696739,1361314.591,,,,
2022/7/22,1740,1581.744242,47461.85777,,,,
2022/7/23,1733.333333,1543.437885,31200.88886,,,,
2022/7/24,1726.666667,1593.49196,1163076.13,,,,
2022/7/25,1720,1520.789819,380490.0552,,,,
2022/7/26,1720,1402.525475,56606.57171,,,,
2022/7/27,1710,1498.3826,47172.6665,,,,
2022/7/28,1750,1671.334104,41214.16021,,,,
2022/7/29,1750,1716.52073,1166203.146,,,,
2022/7/30,1756.666667,1711.681347,119084.358,,,,
2022/7/31,1763.333333,1703.07085,-266.9807136,,,,
2022/8/1,1770,1664.148873,173815.2384,,,,
2022/8/2,1780,1611.06719,104974.0978,,,,
2022/8/3,1760,1640.786998,154245.5588,,,,
2022/8/4,1780,1619.917556,-315.0396191,,,,
2022/8/5,1770,1672.554241,30428.17486,,,,
2022/8/6,1773.333333,1718.369513,7023.842255,,,,
2022/8/7,1776.666667,1694.706176,-808.1304491,,,,
2022/8/8,1780,1758.55025,1720514.55,,,,
2022/8/9,1800,1729.359087,933437.5117,,,,
2022/8/10,1800,1758.584593,-1678.635464,,,,
2022/8/11,1800,1892.511817,-2744.959253,,,,
2022/8/12,1790,1897.843158,-3378.879711,,,,
2022/8/13,1786.666667,1985.142903,539503.442,,,,
2022/8/14,1783.333333,1974.412698,18514.72533,,,,
2022/8/15,1780,1920.754368,1276190.974,,,,
2022/8/16,1770,1883.848382,174455.6967,,,,
2022/8/17,1770,1870.81649,106530.9928,,,,
2022/8/18,1770,1856.510257,1153667.483,,,,
2022/8/19,1750,1731.107921,124338.55,,,,
2022/8/20,1743.333333,1616.655267,2957.224292,,,,
2022/8/21,1736.666667,1607.551326,9424.106532,,,,
2022/8/22,1730,1581.305953,56268.54067,,,,
2022/8/23,1750,1624.863026,4154.062256,,,,
2022/8/24,1750,1650.551357,308.0812006,,,,
2022/8/25,1750,1696.507917,935.0135967,,,,
2022/8/26,1750,1629.669583,-2142.017229,,,,
2022/8/27,1750,1492.312917,3139.922181,,,,
2022/8/28,1750,1486.78125,1534.814106,,,,
2022/8/29,1750,1485.520417,-630.9539282,,,,
2022/8/30,1730,1554.798333,48548.51543,,,,
2022/8/31,1720,1577.539583,389574.7248,,,,
2022/9/1,1690,1557.77125,1454.969381,,,,
2022/9/2,1710,1593.76875,18259.4803,,,,
2022/9/3,1710,1557.230833,-46771.74427,,,,
2022/9/4,1710,1559.592083,51274.29747,,,,
2022/9/5,1710,1580.457083,12526.05617,,,,
2022/9/6,1700,1633.964583,4025.558313,,,,
2022/9/7,1700,1546.650833,8878.800191,,,,
2022/9/8,1710,1630.315833,384541.2559,,,,
2022/9/9,1710,1697.855,628750.628,,,,
2022/9/10,1716.666667,1730.459583,7149.377819,0.0223,neutral,0.0163,neutral
2022/9/11,1723.333333,1765.440833,58614.9651,-0.154,negative,0.0262,neutral
2022/9/12,1730,1732.045417,35037.5745,-0.0648,neutral,0.0236,neutral
2022/9/13,1700,1662.403666,93607.03112,-0.1105,negative,-0.0187,neutral
2022/9/14,1700,1599.369167,23923.79843,0.0177,neutral,-0.008,neutral
2022/9/15,1690,1563.0975,1109.776429,0.0493,neutral,0.1294,positive
2022/9/16,1660,1455.637083,6866.735843,-0.0542,neutral,-0.0035,neutral
2022/9/17,1660,1443.018333,752.7174895,0.0657,neutral,0.0347,neutral
2022/9/18,1660,1420.51,6949.431339,-0.09,neutral,0.0249,neutral
2022/9/19,1660,1332.295,291991.7928,-0.0513,neutral,0.0752,neutral
2022/9/20,1660,1354.264583,-681.0833033,0.0247,neutral,0.1031,positive
2022/9/21,1670,1327.57375,118770.6076,-0.0632,neutral,0.042,neutral
2022/9/22,1670,1285.12875,296875.5098,-0.0141,neutral,-0.003,neutral
2022/9/23,1640,1314.994583,10151.64856,0.0938,neutral,0.0366,neutral
2022/9/24,1640,1329.802917,19585.11193,-0.1303,negative,-0.0637,neutral
2022/9/25,1640,1315.06,-1701.797262,-0.0569,neutral,0.164,positive
2022/9/26,1640,1312.3225,3607.996287,-0.0869,neutral,-0.0076,neutral
2022/9/27,1630,1361.872137,46753.62903,0.1176,positive,0.1004,positive
2022/9/28,1650,1309.751667,8325.551889,0.0504,neutral,0.0222,neutral
2022/9/29,1650,1331.594583,107286.282,0.0288,neutral,0.0318,neutral
2022/9/30,1670,1337.382917,23202.74313,-0.0722,neutral,-0.1707,negative
2022/10/1,1670,1323.12125,-338132.0512,-0.0665,neutral,0.0119,neutral
2022/10/2,1670,1302.7325,-197600.5733,-0.0193,neutral,0.0733,neutral
2022/10/3,1670,1303.308965,-117268.7923,-0.0833,neutral,0.2047,positive
2022/10/4,1710,1344.817396,-168205.6768,0.045,neutral,0.0323,neutral
2022/10/5,1700,1347.454167,55919.93435,0.0139,neutral,0.018,neutral
2022/10/6,1710,1363.908333,-66031.11215,-0.09,neutral,-0.0235,neutral
2022/10/7,1700,1345.236878,73224.39696,-0.0196,neutral,-0.0031,neutral
2022/10/8,1693.333333,1327.107208,15890.65204,-0.0771,neutral,0.0697,neutral
2022/10/9,1686.666667,1319.13375,123635.8722,-0.1741,negative,-0.1185,negative
2022/10/10,1680,1313.5025,36943.74912,0.0247,neutral,-0.0021,neutral
2022/10/11,1660,1283.067083,126333.3925,-0.0826,neutral,0.0129,neutral
2022/10/12,1670,1295.063767,6044.113626,0.0413,neutral,0.0721,neutral
2022/10/13,1650,1272.21061,7916.806936,0.0856,neutral,0.1681,positive
2022/10/14,1650,1315.847128,825159.3908,0.0766,neutral,0.0322,neutral
2022/10/15,1653.333333,1287.568302,-33532.75508,-0.5041,negative,0.1944,positive
2022/10/16,1656.666667,1287.76875,5617.245964,0.0095,neutral,0.21,positive
2022/10/17,1660,1317.37875,7917.864039,0.0133,neutral,0.0526,neutral
2022/10/18,1650,1321.149583,75471.17557,0.2458,positive,-0.0641,neutral
2022/10/19,1630,1299.5875,55736.77828,0.0112,neutral,0.0603,neutral
2022/10/20,1640,1290.364167,10651.27141,0.0466,neutral,0.0597,neutral
2022/10/21,1640,1289.39625,9824.260674,-0.0228,neutral,0.0392,neutral
2022/10/22,1643.333333,1306.264167,39131.19928,-0.0151,neutral,0.1061,positive
2022/10/23,1646.666667,1318.8675,27052.79581,-0.0665,neutral,-0.0481,neutral
2022/10/24,1650,1345.056667,2354.753743,0.0473,neutral,-0.022,neutral
2022/10/25,1660,1388.52043,11444.32586,-0.0443,neutral,-0.0041,neutral
2022/10/26,1670,1526.744167,1949830.31,-0.0264,neutral,0.0824,neutral
2022/10/27,1660,1550.07878,991200.6178,-0.071,neutral,0.134,positive
2022/10/28,1650,1526.202083,2039418.047,-0.0188,neutral,0.0252,neutral
2022/10/29,1646.666667,1607.959167,79179.82042,0.0301,neutral,-0.0643,neutral
2022/10/30,1643.333333,1603.731667,1122086.16,0.0196,neutral,0.1543,positive
2022/10/31,1640,1582.4375,107574.5988,0.0413,neutral,0.1802,positive
2022/11/1,1650,1584.822083,28698.01759,0.0188,neutral,-0.0734,neutral
2022/11/2,1650,1561.37625,400742.5191,0.0272,neutral,0.0967,neutral
2022/11/3,1630,1542.7825,360814.7991,0.1448,positive,0.0692,neutral
2022/11/4,1670,1595.937917,864601.8324,0.1957,positive,0.033,neutral
2022/11/5,1673.333333,1641.21875,864146.7635,0.0751,neutral,-0.0552,neutral
2022/11/6,1676.666667,1617.28375,18308.50273,0.0828,neutral,-0.0017,neutral
2022/11/7,1680,1581.75625,10330.76441,0.0735,neutral,0.0861,neutral
2022/11/8,1680,1461.21125,770400.6603,0.0219,neutral,0.0188,neutral
2022/11/9,1720,1238.536667,279061.9346,-0.0528,neutral,0.1492,positive
2022/11/10,1740,1230.642083,186773.343,0.0255,neutral,0.1075,positive
2022/11/11,1760,1270.29215,54632.50472,0.0462,neutral,-0.0958,neutral
2022/11/12,1763.333333,1265.138078,17680.91514,0.0436,neutral,-0.0911,neutral
2022/11/13,1766.666667,1239.567117,19066.52105,0.0032,neutral,0.0372,neutral
2022/11/14,1770,1229.045391,32657.08896,0.1047,positive,0.1397,positive
2022/11/15,1770,1259.6938,-1897.363356,0.0934,neutral,-0.0077,neutral
2022/11/16,1770,1230.4975,1097349.919,0.1294,positive,0.0476,neutral
2022/11/17,1760,1206.07125,116776.4623,0.156,positive,-0.0263,neutral
2022/11/18,1750,1214.256667,2920.567647,-0.0166,neutral,0.1365,positive
2022/11/19,1746.666667,1210.514167,18588.89274,0.1633,positive,-0.0328,neutral
2022/11/20,1743.333333,1193.126667,44441.47452,0.1541,positive,-0.0022,neutral
2022/11/21,1740,1123.622083,392331.7541,0.1123,positive,0.0105,neutral
2022/11/22,1740,1111.68125,14073.66244,-0.0086,neutral,0.0705,neutral
2022/11/23,1740,1162.368333,807188.5432,0.0678,neutral,0.0154,neutral
2022/11/24,1760,1199.429583,22063.44006,0.1189,positive,-0.0142,neutral
2022/11/25,1750,1189.794167,647079.9675,0.22,positive,0.135,positive
2022/11/26,1750,1215.346667,-13386.24326,0.2753,positive,0.1323,positive
2022/11/27,1750,1214.92,42431.0239,0.1329,positive,0.036,neutral
2022/11/28,1750,1172.205417,105487.1902,0.1096,positive,-0.0194,neutral
2022/11/29,1750,1205.213333,26331.27418,0.1503,positive,0.1182,positive
2022/11/30,1750,1274.108333,289007.3409,0.0659,neutral,0.0116,neutral
2022/12/1,1800,1282.587083,19537.0126,0.098,neutral,-0.0489,neutral
2022/12/2,1780,1281.885,207804.7759,0.0982,neutral,0.0263,neutral
2022/12/3,1780,1275.782083,33542.18725,0.1805,positive,0.0075,neutral
2022/12/4,1780,1262.605,102595.3232,0.0037,neutral,0.0353,neutral
2022/12/5,1780,1280.695417,207856.7932,0.1924,positive,0.0883,neutral
2022/12/6,1770,1259.187083,35558.03142,0.0402,neutral,0.0095,neutral
2022/12/7,1780,1240.14875,157716.119,-0.0349,neutral,0.0497,neutral
2022/12/8,1790,1246.769167,22333.28565,0.1167,positive,0.0533,neutral
2022/12/9,1800,1276.858333,14844.78243,0.3254,positive,-0.0311,neutral
2022/12/10,1796.666667,1267.680833,21562.22161,0.3073,positive,0.029,neutral
2022/12/11,1793.333333,1271.590417,16526.43284,0.3687,positive,0.0222,neutral
2022/12/12,1790,1254.12,12844.20678,0.2126,positive,0.0964,neutral
2022/12/13,1820,1294.495,27169.48661,0.1565,positive,0.0235,neutral
2022/12/14,1810,1323.818333,21153.01883,0.2196,positive,0.0414,neutral
2022/12/15,1780,1282.059583,320571.5043,0.508,positive,0.0226,neutral
2022/12/16,1790,1227.9125,42139.52426,0.3106,positive,0.0028,neutral
2022/12/17,1790,1177.644583,331805.3758,0.3178,positive,0.133,positive
2022/12/18,1790,1183.64875,4857.003664,0.3039,positive,0.1421,positive
2022/12/19,1790,1181.151667,3913.652856,0.1321,positive,0.0665,neutral
2022/12/20,1810,1206.144583,16400.83055,0.2568,positive,0.2047,positive
2022/12/21,1820,1212.59375,8376.964963,0.1659,positive,0.0929,neutral
2022/12/22,1800,1209.499583,89645.02426,0.208,positive,0.0628,neutral
2022/12/23,1800,1220.141667,121141.9235,0.2281,positive,0.0894,neutral
2022/12/24,1800,1219.91125,2220.263885,0.1991,positive,0.0242,neutral
2022/12/25,1800,1217.285,-499.7641248,0.2433,positive,0.1677,positive
2022/12/26,1800,1218.859583,6347.739621,0.1893,positive,0.1114,positive
2022/12/27,1800,1217.927917,6110.234497,0.1599,positive,0.1371,positive
2022/12/28,1800,1196.9275,204322.3772,0.1657,positive,-0.0119,neutral
2022/12/29,1810,1196.785417,191630.9687,0.1394,positive,0.0186,neutral
2022/12/30,1810,1195.163333,3517.653064,0.1305,positive,-0.0157,neutral
2022/12/31,1810,1198.3775,2948.419982,0.0809,neutral,0.3637,positive
2023/1/1,1810,1197.18125,503.390817,0.2158,positive,0.2277,positive
2023/1/2,1810,1211.82,2224.499797,0.1255,positive,0.0364,neutral
2023/1/3,1840,1213.76875,27906.97142,0.0365,neutral,-0.0343,neutral
2023/1/4,1860,1248.913333,29749.62774,0.0495,neutral,0.0331,neutral
2023/1/5,1830,1251.792083,9988.482013,0.106,positive,0.0294,neutral
2023/1/6,1850,1255.085417,21257.20498,0.1108,positive,0.1198,positive
2023/1/7,1860,1265.265417,-11247.52878,0.2387,positive,0.0625,neutral
2023/1/8,1870,1266.09,4477.306988,0.0619,neutral,-0.1011,negative
2023/1/9,1880,1318.18875,905023.682,0.0934,neutral,0.1448,positive
2023/1/10,1880,1330.590833,810771.2099,0.0084,neutral,0.0757,neutral
2023/1/11,1870,1336.003333,-16966.15702,0.1011,positive,0.113,positive
2023/1/12,1880,1404.418333,1205134.951,0.0984,neutral,0.0309,neutral
2023/1/13,1910,1416.5225,-986.9579499,0.1468,positive,0.0094,neutral
2023/1/14,1913.333333,1535.4625,2160757.851,0.1228,positive,0.0662,neutral
2023/1/15,1916.666667,1536.24,698535.7966,0.1345,positive,0.0447,neutral
2023/1/16,1920,1562.062917,-266993.0046,0.1275,positive,0.1602,positive
2023/1/17,1910,1571.714583,15810.08946,0.1411,positive,0.0003,neutral
2023/1/18,1920,1566.23125,43144.26698,0.2358,positive,-0.1367,negative
2023/1/19,1920,1532.343333,17002.43312,0.2401,positive,-0.0969,neutral
2023/1/20,1920,1573.798333,-37803.69207,0.1522,positive,-0.1453,negative
2023/1/21,1916.666667,1653.395833,-13351.3811,0.0086,neutral,-0.0656,neutral
2023/1/22,1913.333333,1631.397917,7457.774848,0.0563,neutral,-0.0349,neutral
2023/1/23,1910,1631.393333,14394.82949,0.1557,positive,-0.0995,neutral
2023/1/24,1920,1622.938333,2917.756535,0.098,neutral,0.1176,positive
2023/1/25,1930,1556.73625,-53121.86102,0.091,neutral,0.0048,neutral
2023/1/26,1930,1608.87125,6284.103208,0.069,neutral,0.0445,neutral
2023/1/27,1920,1585.4525,-470.0969713,0.0921,neutral,-0.1636,negative
2023/1/28,1920,1585.174583,-14865.41757,0.0159,neutral,0.0095,neutral
2023/1/29,1920,1611.44,11178.47658,-0.0167,neutral,0.0009,neutral
2023/1/30,1920,1599.70625,-26922.30919,0.1838,positive,-0.0475,neutral
2023/1/31,1920,1578.137917,66895.85312,0.1675,positive,-0.1073,negative
2023/2/1,1930,1590.386667,7131.051121,0.0727,neutral,0.1361,positive
2023/2/2,1920,1669.543377,-2045.534731,0.1314,positive,0.0468,neutral
2023/2/3,1880,1650.106638,132863.8065,0.1827,positive,0.0462,neutral
2023/2/4,1876.666667,1668.307083,130742.3385,0.2346,positive,0.0859,neutral
2023/2/5,1873.333333,1651.635417,23980.85806,0.0234,neutral,-0.05,neutral
2023/2/6,1870,1633.91,68408.80478,0.1841,positive,0.0708,neutral
2023/2/7,1870,1642.38625,182927.1487,0.0185,neutral,-0.001,neutral
2023/2/8,1870,1665.358623,23858.23152,0.0411,neutral,0.0702,neutral
2023/2/9,1880,1621.169314,37581.48116,0.0278,neutral,0.0936,neutral
2023/2/10,1860,1536.20729,127738.3654,0.0452,neutral,-0.0805,neutral
2023/2/11,1860,1521.518478,25766.15712,-0.0288,neutral,0.0192,neutral
2023/2/12,1860,1532.65079,44316.78067,0.0935,neutral,-0.0278,neutral
2023/2/13,1860,1497.6175,42107.52186,0.0034,neutral,0.09,neutral
2023/2/14,1860,1523.442083,56849.97241,0.0899,neutral,-0.0069,neutral
2023/2/15,1830,1579.64625,112944.558,0.0676,neutral,-0.0396,neutral
2023/2/16,1830,1689.119583,57212.58387,0.1104,positive,0.0477,neutral
2023/2/17,1830,1672.882083,263.3554028,0.1071,positive,-0.0852,neutral
2023/2/18,1836.666667,1693.434167,-20145.69947,0.0688,neutral,0.0699,neutral
2023/2/19,1843.333333,1694.74125,396235.7382,0.0696,neutral,0.0375,neutral
2023/2/20,1850,1695.77375,-17001.57286,0.0959,neutral,-0.1076,negative
2023/2/21,1840,1681.658333,710299.2192,0.0477,neutral,0.1552,positive
2023/2/22,1840,1633.925603,54609.95895,0.0226,neutral,-0.0229,neutral
2023/2/23,1830,1656.441667,12264.59081,0.0682,neutral,0.1578,positive
2023/2/24,1810,1631.664583,-23577.85777,0.1657,positive,0.076,neutral
2023/2/25,1813.333333,1596.9375,17624.48893,-0.062,neutral,0.1329,positive
2023/2/26,1816.666667,1608.947917,-45487.6312,0.0037,neutral,-0.0378,neutral
2023/2/27,1820,1637.190417,783.2848024,0.1274,positive,0.1538,positive
2023/2/28,1820,1630.32,2609.542695,0.0523,neutral,-0.0895,neutral
2023/3/1,1840,1645.73,-34471.73753,0.3112,positive,-0.1117,negative
2023/3/2,1840,1641.853162,57774.70833,0.1468,positive,0.024,neutral
2023/3/3,1840,1573.992917,-2000.299792,0.2968,positive,0.0584,neutral
2023/3/4,1843.333333,1569.001667,19010.97452,0.0947,neutral,-0.0042,neutral
2023/3/5,1846.666667,1571.712083,40348.5184,0.0695,neutral,0.077,neutral
2023/3/6,1850,1566.532083,29113.61413,0.1981,positive,0.0794,neutral
2023/3/7,1830,1564.842917,6425.376294,0.0951,neutral,-0.057,neutral
2023/3/8,1820,1556.892917,-48152.97045,0.1399,positive,0.0807,neutral
2023/3/9,1830,1520.33,301364.1818,0.092,neutral,-0.024,neutral
2023/3/10,1860,1412.902083,15413.92445,0.1024,positive,0.1485,positive
2023/3/11,1876.666667,1446.66625,395607.2371,-0.0109,neutral,-0.1471,negative
2023/3/12,1893.333333,1488.112083,356015.2152,0.0907,neutral,-0.1669,negative
2023/3/13,1910,1629.195833,654507.6854,-0.0679,neutral,0.0206,neutral
2023/3/14,1910,1704.655,11985.96986,-0.0644,neutral,-0.0302,neutral
2023/3/15,1920,1677.934814,194317.1256,0.0549,neutral,0.0449,neutral
2023/3/16,1920,1666.120833,-157705.4804,0.0004,neutral,0.0727,neutral
2023/3/17,1960,1733.392917,52981.95036,0.067,neutral,0.0359,neutral
2023/3/18,1963.333333,1812.064583,-6007.396461,-0.0028,neutral,-0.0506,neutral
2023/3/19,1966.666667,1799.806667,-8791.761244,0.1282,positive,-0.0261,neutral
2023/3/20,1970,1777.463333,-1797.156392,0.0164,neutral,-0.0132,neutral
2023/3/21,1950,1783.563333,6062.908705,0.1811,positive,-0.0407,neutral
2023/3/22,1950,1794.382083,-136346.2708,0.1041,positive,-0.0245,neutral
2023/3/23,1980,1784.655417,57781.67183,0.0367,neutral,-0.0615,neutral
2023/3/24,1990,1790.977083,169800.4472,0.0054,neutral,-0.0379,neutral
2023/3/25,1976.666667,1757.948333,-2172.534562,0.2615,positive,-0.0414,neutral
2023/3/26,1963.333333,1770.296667,64463.92314,0.0952,neutral,-0.0421,neutral
2023/3/27,1950,1746.057083,-8017.195448,0.0781,neutral,-0.0389,neutral
2023/3/28,1960,1738.87375,24019.23407,0.0352,neutral,0.1009,positive
2023/3/29,1970,1801.170833,10140.05762,0.0742,neutral,0.0167,neutral
2023/3/30,1970,1794.998333,47106.30758,0.0615,neutral,-0.0048,neutral
2023/3/31,1980,1811.615417,-60715.37132,0.1214,positive,0.1047,positive
2023/4/1,1980,1825.150417,20637.3164,0.1666,positive,0.0349,neutral
2023/4/2,1980,1810.995417,123156.3884,-0.0301,neutral,-0.0953,neutral
2023/4/3,1980,1799.4375,-7506.842917,0.0247,neutral,0.0316,neutral
2023/4/4,2010,1843.983333,15881.05529,0.0293,neutral,0.037,neutral
2023/4/5,2030,1907.00125,102190.2711,0.0662,neutral,0.051,neutral
2023/4/6,2000,1879.545417,-38938.30117,0.0753,neutral,0.1631,positive
2023/4/7,2000,1863.2175,-64038.68845,0.101,positive,-0.029,neutral
2023/4/8,2000,1866.277917,-38065.47205,0.0096,neutral,0.0148,neutral
2023/4/9,2000,1848.029583,-29865.46807,-0.0384,neutral,-0.0397,neutral
2023/4/10,2000,1869.924583,-37095.05585,0.0507,neutral,0.0292,neutral
2023/4/11,2000,1913.09125,-28169.79129,-0.0069,neutral,0.0572,neutral
2023/4/12,2010,1891.760833,418120.3558,0.0312,neutral,-0.0151,neutral
2023/4/13,2050,1968.289167,189910.5836,0.0164,neutral,0.1008,positive
2023/4/14,2020,2098.299167,105409.0081,0.071,neutral,0.1603,positive
2023/4/15,2013.333333,2097.08625,17709.30668,-0.1396,negative,-0.0763,neutral
2023/4/16,2006.666667,2100.250833,29567.2218,-0.1075,negative,-0.0803,neutral
2023/4/17,2000,2087.98125,-102848.0052,-0.0634,neutral,-0.0229,neutral
2023/4/18,2000,2092.855833,-145444.7992,-0.0331,neutral,-0.0883,neutral
2023/4/19,1990,2017.935,61208.76488,-0.0194,neutral,-0.0635,neutral
2023/4/20,2010,1949.7175,13321.99427,0.0899,neutral,0.0634,neutral
2023/4/21,1970,1906.676667,31130.37759,-0.0643,neutral,-0.0149,neutral
2023/4/22,1973.333333,1862.561667,-25231.82103,-0.1602,negative,-0.0096,neutral
2023/4/23,1976.666667,1863.948333,-109729.3455,0.0055,neutral,-0.1867,negative
2023/4/24,1980,1850.079583,152308.371,0.0695,neutral,-0.0422,neutral
2023/4/25,1990,1834.21125,-7507.830528,-0.0049,neutral,0.0062,neutral
2023/4/26,2000,1894.547917,6670.182849,-0.0035,neutral,-0.0623,neutral
2023/4/27,1990,1901.438333,44614.72307,-0.1561,negative,0.0242,neutral
2023/4/28,1980,1902.68625,-13788.26503,0.0432,neutral,0.0108,neutral
2023/4/29,1980,1902.222917,-101846.1937,0.0815,neutral,0.0392,neutral
2023/4/30,1980,1907.759167,25830.64264,-0.0391,neutral,-0.0079,neutral
2023/5/1,1980,1842.799583,137734.2351,0.1132,positive,-0.0863,neutral
2023/5/2,2000,1844.377917,303767.4079,0.0326,neutral,-0.0838,neutral
2023/5/3,2010,1868.458333,-21304.1442,-0.0337,neutral,-0.086,neutral
2023/5/4,2040,1893.988333,8542.6202,0.0957,neutral,-0.0078,neutral
2023/5/5,2000,1933.02125,1576122.648,0.017,neutral,-0.0633,neutral
2023/5/6,2000,1930.8525,341788.3098,0.0067,neutral,-0.0865,neutral
2023/5/7,2000,1909.645,253355.4843,-0.0049,neutral,-0.0992,neutral
2023/5/8,2000,1857.34875,275027.9514,0.0068,neutral,-0.0398,neutral
2023/5/9,2030,1844.28875,188860.0658,0.0723,neutral,-0.0899,neutral
2023/5/10,2040,1849.224583,190096.9108,0.0988,neutral,-0.109,negative
2023/5/11,2020,1814.770417,313068.6392,0.0887,neutral,-0.0091,neutral
2023/5/12,2020,1776.596667,100237.3168,0.1931,positive,-0.0856,neutral
2023/5/13,2020,1802.306667,133765.9943,0.0376,neutral,-0.1009,negative
2023/5/14,2020,1803.257917,-41907.06845,0.1506,positive,-0.0862,neutral
2023/5/15,2020,1825.398333,104877.1053,0.1509,positive,-0.0286,neutral
2023/5/16,2010,1817.61125,202469.3219,0.1713,positive,-0.0709,neutral
2023/5/17,1970,1814.1875,144221.9303,0.1125,positive,-0.1163,negative
2023/5/18,1960,1814.947083,128482.3067,0.219,positive,-0.1079,negative
2023/5/19,1960,1810.302917,56197.79891,0.2067,positive,-0.0108,neutral
2023/5/20,1963.333333,1815.196667,82350.70236,0.1932,positive,-0.0119,neutral
2023/5/21,1966.666667,1813.392917,527.0303048,0.0921,neutral,-0.0346,neutral
2023/5/22,1970,1812.52125,111786.7366,0.1657,positive,-0.0727,neutral
2023/5/23,1970,1850.6825,284710.7951,0.0986,neutral,-0.091,neutral
2023/5/24,1970,1813.764167,-121997.6489,0.0771,neutral,-0.0399,neutral
2023/5/25,1950,1794.490417,12946.75537,0.0568,neutral,-0.1359,negative
2023/5/26,1950,1818.83625,108377.4477,0.1194,positive,-0.3099,negative
2023/5/27,1950,1828.098333,75593.57794,0.1611,positive,-0.0876,neutral
2023/5/28,1950,1852.660833,18524.65182,0.1499,positive,-0.0344,neutral
2023/5/29,1950,1899.695833,121520.1691,0.166,positive,-0.1031,negative
2023/5/30,1950,1903.109583,69750.37519,0.1499,positive,-0.1431,negative
2023/5/31,1960,1872.325,-94165.58764,0.1636,positive,-0.1742,negative
2023/6/1,1970,1865.42125,39394.99185,0.2061,positive,-0.0523,neutral
2023/6/2,1960,1889.543333,-336881.0809,0.2455,positive,-0.0989,neutral
2023/6/3,1960,1899.68875,-305747.8935,0.2302,positive,-0.076,neutral
2023/6/4,1960,1900.680417,-577222.7178,0.2222,positive,-0.0687,neutral
2023/6/5,1960,1850.64625,-629335.2649,0.1982,positive,-0.159,negative
2023/6/6,1960,1835.504167,-328379.6368,0.1978,positive,-0.0392,neutral
2023/6/7,1970,1860.243333,253075.7028,0.2417,positive,-0.3143,negative
2023/6/8,1970,1843.859583,-161528.2713,0.1751,positive,-0.0158,neutral
2023/6/9,1960,1841.4275,24011.30762,0.1185,positive,-0.0384,neutral
2023/6/10,1956.666667,1763.825833,-29804.50603,,,,
2023/6/11,1953.333333,1753.6,20580.93718,,,,
2023/6/12,1950,1741.004583,121968.4856,,,,
2023/6/13,1950,1743.52125,-40065.67887,,,,
2023/6/14,1960,1727.712917,-42998.07307,,,,
2023/6/15,1950,1647.348333,52389.11411,,,,
2023/6/16,1960,1681.269583,48642.17406,,,,
2023/6/17,1956.666667,1731.749583,-80278.18707,,,,
2023/6/18,1953.333333,1731.299167,-106410.0055,,,,
2023/6/19,1950,1725.650833,16408.94384,,,,
2023/6/20,1930,1744.279583,-30353.82428,,,,
2023/6/21,1930,1837.633333,14087.89119,,,,
2023/6/22,1920,1897.887917,-159010.0935,,,,
2023/6/23,1930,1888.918333,-63386.01687,,,,
2023/6/24,1926.666667,1887.48,-162667.5598,,,,
2023/6/25,1923.333333,1900.003333,-28565.54604,,,,
2023/6/26,1920,1874.705,-33339.42452,,,,
2023/6/27,1920,1879.689167,-116482.5763,,,,
2023/6/28,1910,1856.81625,-41306.13425,,,,
2023/6/29,1900,1850.474167,-5669.324305,,,,
2023/6/30,1910,1889.65,35950.89523,,,,
